user_genome	classification	closest_genome_reference	closest_genome_reference_radius	closest_genome_taxonomy	closest_genome_ani	closest_genome_af	closest_placement_reference	closest_placement_radius	closest_placement_taxonomy	closest_placement_ani	closest_placement_af	pplacer_taxonomy	classification_method	note	other_related_references(genome_id,species_name,radius,ANI,AF)	msa_percent	translation_table	red_value	warnings
user_GCA_000016605.1	d__Archaea;p__Thermoproteota;c__Thermoprotei_A;o__Sulfolobales;f__Sulfolobaceae;g__Metallosphaera;s__Metallosphaera sedula	GCA_000016605.1	95.0	d__Archaea;p__Thermoproteota;c__Thermoprotei_A;o__Sulfolobales;f__Sulfolobaceae;g__Metallosphaera;s__Metallosphaera sedula	100.0	1.0	GCA_000016605.1	95.0	d__Archaea;p__Thermoproteota;c__Thermoprotei_A;o__Sulfolobales;f__Sulfolobaceae;g__Metallosphaera;s__Metallosphaera sedula	100.0	1.0	d__Archaea;p__Thermoproteota;c__Thermoprotei_A;o__Sulfolobales;f__Sulfolobaceae;g__Metallosphaera;s__	taxonomic classification defined by topology and ANI	topological placement and ANI have congruent species assignments	GCF_022064045.1, s__Metallosphaera javensis, 95.0, 80.65, 0.277	93.28	11	N/A	N/A
user_GCA_000200715.1	d__Archaea;p__Thermoproteota;c__Nitrososphaeria;o__Nitrososphaerales;f__Nitrosopumilaceae;g__Cenarchaeum;s__Cenarchaeum symbiosum	GCA_000200715.1	95.0	d__Archaea;p__Thermoproteota;c__Nitrososphaeria;o__Nitrososphaerales;f__Nitrosopumilaceae;g__Cenarchaeum;s__Cenarchaeum symbiosum	100.0	1.0	GCA_000200715.1	95.0	d__Archaea;p__Thermoproteota;c__Nitrososphaeria;o__Nitrososphaerales;f__Nitrosopumilaceae;g__Cenarchaeum;s__Cenarchaeum symbiosum	100.0	1.0	d__Archaea;p__Thermoproteota;c__Nitrososphaeria;o__Nitrososphaerales;f__Nitrosopumilaceae;g__Cenarchaeum;s__	taxonomic classification defined by topology and ANI	topological placement and ANI have congruent species assignments	N/A	86.37	11	N/A	N/A
user_GCA_000204585.1	d__Archaea;p__Thermoproteota;c__Nitrososphaeria;o__Nitrososphaerales;f__Nitrosopumilaceae;g__Nitrosarchaeum;s__Nitrosarchaeum limnae	GCA_000204585.1	95.0	d__Archaea;p__Thermoproteota;c__Nitrososphaeria;o__Nitrososphaerales;f__Nitrosopumilaceae;g__Nitrosarchaeum;s__Nitrosarchaeum limnae	100.0	1.0	GCA_000204585.1	95.0	d__Archaea;p__Thermoproteota;c__Nitrososphaeria;o__Nitrososphaerales;f__Nitrosopumilaceae;g__Nitrosarchaeum;s__Nitrosarchaeum limnae	100.0	1.0	d__Archaea;p__Thermoproteota;c__Nitrososphaeria;o__Nitrososphaerales;f__Nitrosopumilaceae;g__Nitrosarchaeum;s__	taxonomic classification defined by topology and ANI	topological placement and ANI have congruent species assignments	GCA_009697485.1, s__Nitrosarchaeum sp009697485, 95.0, 85.7, 0.491; GCA_013140415.1, s__Nitrosarchaeum sp013140415, 95.0, 85.22, 0.368; GCA_016234975.1, s__Nitrosarchaeum sp016234975, 95.0, 85.18, 0.335; GCA_012030815.1, s__Nitrosarchaeum sp012030815, 95.0, 85.14, 0.338; GCA_004297665.1, s__Nitrosarchaeum sp004297665, 95.0, 84.93, 0.263; GCA_025930495.1, s__Nitrosarchaeum sp025930495, 95.0, 84.76, 0.438; GCA_021414365.1, s__Nitrosarchaeum sp021414365, 95.0, 84.28, 0.47; GCA_023264875.1, s__Nitrosarchaeum sp023264875, 95.0, 84.25, 0.43; GCA_938049695.1, s__Nitrosarchaeum sp938049695, 95.0, 84.21, 0.48; GCA_005798405.1, s__Nitrosarchaeum sp005798405, 95.0, 84.06, 0.451; GCA_003569705.1, s__Nitrosarchaeum sp003569705, 95.0, 83.59, 0.461; GCF_025699065.1, s__Nitrosarchaeum sp025699065, 95.0, 83.31, 0.372; GCA_021414105.1, s__Nitrosarchaeum sp021414105, 95.0, 83.3, 0.423; GCA_018334095.1, s__Nitrosarchaeum sp018334095, 95.0, 83.0, 0.319; GCA_023265135.1, s__Nitrosarchaeum sp023265135, 95.0, 82.84, 0.329; GCF_000220175.1, s__Nitrosarchaeum koreense, 95.0, 82.34, 0.351; GCA_022758935.1, s__Nitrosarchaeum sp022758935, 95.0, 81.94, 0.154; GCA_002737445.1, s__Nitrosarchaeum sp002737445, 95.0, 81.93, 0.337	83.85	11	N/A	N/A
user_GCF_000007005.1	d__Archaea;p__Thermoproteota;c__Thermoprotei_A;o__Sulfolobales;f__Sulfolobaceae;g__Saccharolobus;s__Saccharolobus solfataricus	GCF_900079115.1	95.0	d__Archaea;p__Thermoproteota;c__Thermoprotei_A;o__Sulfolobales;f__Sulfolobaceae;g__Saccharolobus;s__Saccharolobus solfataricus	99.51	0.971	GCF_900079115.1	95.0	d__Archaea;p__Thermoproteota;c__Thermoprotei_A;o__Sulfolobales;f__Sulfolobaceae;g__Saccharolobus;s__Saccharolobus solfataricus	99.51	0.971	d__Archaea;p__Thermoproteota;c__Thermoprotei_A;o__Sulfolobales;f__Sulfolobaceae;g__Saccharolobus;s__	taxonomic classification defined by topology and ANI	topological placement and ANI have congruent species assignments	GCF_000022485.1, s__Saccharolobus islandicus, 95.0, 89.52, 0.596; GCF_019175345.1, s__Saccharolobus shibatae, 95.0, 87.57, 0.568; GCF_009601705.1, s__Saccharolobus sp009601705, 95.0, 86.67, 0.582	93.59	11	N/A	N/A
user_GCF_000018465.1	d__Archaea;p__Thermoproteota;c__Nitrososphaeria;o__Nitrososphaerales;f__Nitrosopumilaceae;g__Nitrosopumilus;s__Nitrosopumilus maritimus	GCF_000018465.1	95.0	d__Archaea;p__Thermoproteota;c__Nitrososphaeria;o__Nitrososphaerales;f__Nitrosopumilaceae;g__Nitrosopumilus;s__Nitrosopumilus maritimus	100.0	1.0	GCF_000018465.1	95.0	d__Archaea;p__Thermoproteota;c__Nitrososphaeria;o__Nitrososphaerales;f__Nitrosopumilaceae;g__Nitrosopumilus;s__Nitrosopumilus maritimus	100.0	1.0	d__Archaea;p__Thermoproteota;c__Nitrososphaeria;o__Nitrososphaerales;f__Nitrosopumilaceae;g__Nitrosopumilus;s__	taxonomic classification defined by topology and ANI	topological placement and ANI have congruent species assignments	GCA_003702525.1, s__Nitrosopumilus sp003702525, 95.0, 89.88, 0.763; GCA_003702545.1, s__Nitrosopumilus sp003702545, 95.0, 89.84, 0.796; GCA_003702495.1, s__Nitrosopumilus sp003702495, 95.0, 89.54, 0.739; GCA_000746765.1, s__Nitrosopumilus sp000746765, 95.0, 88.82, 0.657; GCF_006740685.1, s__Nitrosopumilus sp006740685, 95.0, 88.26, 0.691; GCA_016125975.1, s__Nitrosopumilus sp016125975, 95.0, 87.23, 0.574; GCA_013867245.1, s__Nitrosopumilus sp013867245, 95.0, 87.0, 0.407; GCA_021268355.1, s__Nitrosopumilus sp021268355, 95.0, 86.03, 0.624; GCF_000875775.1, s__Nitrosopumilus piranensis, 95.0, 85.78, 0.545; GCF_000299365.1, s__Nitrosopumilus koreensis, 95.0, 85.48, 0.535; GCA_937875805.1, s__Nitrosopumilus sp937875805, 95.0, 83.56, 0.224; GCA_016784625.1, s__Nitrosopumilus sp016784625, 95.0, 83.17, 0.319; GCA_030637455.1, s__Nitrosopumilus sp030637455, 95.0, 82.78, 0.223; GCA_028279625.1, s__Nitrosopumilus sp028279625, 95.0, 82.25, 0.287; GCA_937896495.1, s__Nitrosopumilus sp937896495, 95.0, 82.21, 0.207; GCA_029941825.1, s__Nitrosopumilus sp029941825, 95.0, 82.12, 0.238; GCA_024644105.1, s__Nitrosopumilus sp024644105, 95.0, 82.11, 0.286; GCA_013043295.1, s__Nitrosopumilus sp013043295, 95.0, 81.89, 0.225; GCA_029860565.1, s__Nitrosopumilus sp029860565, 95.0, 81.71, 0.152; GCA_018674605.1, s__Nitrosopumilus sp018674605, 95.0, 81.62, 0.159; GCA_018668425.1, s__Nitrosopumilus sp018668425, 95.0, 81.61, 0.329; GCF_013407145.1, s__Nitrosopumilus cobalaminigenes, 95.0, 81.6, 0.318; GCA_022565935.1, s__Nitrosopumilus sp022565935, 95.0, 81.59, 0.246; GCA_014384555.1, s__Nitrosopumilus sp014384555, 95.0, 81.58, 0.297; GCA_950073955.1, s__Nitrosopumilus sp950073955, 95.0, 81.53, 0.299; GCF_028278985.1, s__Nitrosopumilus sp028278985, 95.0, 81.45, 0.285; GCA_002730325.1, s__Nitrosopumilus sp002730325, 95.0, 81.4, 0.223; GCF_000956175.1, s__Nitrosopumilus adriaticus, 95.0, 81.39, 0.279; GCA_013911135.1, s__Nitrosopumilus sp013911135, 95.0, 81.35, 0.247; GCA_001510275.1, s__Nitrosopumilus sp001510275, 95.0, 81.34, 0.33; GCA_002788515.1, s__Nitrosopumilus sp002788515, 95.0, 81.31, 0.19; GCA_018263505.1, s__Nitrosopumilus sp018263505, 95.0, 81.2, 0.241; GCF_000242875.2, s__Nitrosopumilus salaria, 95.0, 81.2, 0.209; GCA_028377625.1, s__Nitrosopumilus sp028377625, 95.0, 81.16, 0.247; GCA_029861345.1, s__Nitrosopumilus sp029861345, 95.0, 81.16, 0.171; GCF_025699125.1, s__Nitrosopumilus sp025699125, 95.0, 81.13, 0.242; GCA_013203245.1, s__Nitrosopumilus sp013203245, 95.0, 81.12, 0.183; GCA_022564385.1, s__Nitrosopumilus sp022564385, 95.0, 80.99, 0.18; GCF_000299395.1, s__Nitrosopumilus sediminis, 95.0, 80.97, 0.257; GCF_025699255.1, s__Nitrosopumilus sp025699255, 95.0, 80.93, 0.254; GCF_014078525.1, s__Nitrosopumilus sp014078525, 95.0, 80.84, 0.255; GCA_937897875.1, s__Nitrosopumilus sp937897875, 95.0, 80.8, 0.178; GCA_003702465.1, s__Nitrosopumilus sp003702465, 95.0, 80.79, 0.211; GCA_028343855.1, s__Nitrosopumilus sp028343855, 95.0, 80.76, 0.221; GCA_001543015.1, s__Nitrosopumilus sp001543015, 95.07, 80.75, 0.22; GCF_013407165.1, s__Nitrosopumilus oxyclinae, 95.0, 80.74, 0.25; GCA_029250275.1, s__Nitrosopumilus sp029250275, 95.0, 80.73, 0.226; GCF_025998175.1, s__Nitrosopumilus zosterae, 95.0, 80.67, 0.222; GCF_029882185.1, s__Nitrosopumilus sp029882185, 95.0, 80.65, 0.222; GCA_024276695.1, s__Nitrosopumilus sp024276695, 95.0, 80.56, 0.245; GCF_025698945.1, s__Nitrosopumilus sp025698945, 95.0, 80.53, 0.241; GCA_029782475.1, s__Nitrosopumilus sp029782475, 95.0, 80.52, 0.198; GCF_013407185.1, s__Nitrosopumilus ureiphilus, 95.0, 80.4, 0.244; GCA_013390905.1, s__Nitrosopumilus sp013390905, 95.0, 80.38, 0.25; GCA_025699075.1, s__Nitrosopumilus sp025699075, 95.0, 80.3, 0.216; GCA_003331425.1, s__Nitrosopumilus sp002690535, 95.0, 80.26, 0.219; GCA_022573895.1, s__Nitrosopumilus sp022573895, 95.0, 80.24, 0.194; GCA_905612295.1, s__Nitrosopumilus sp905612295, 95.0, 80.24, 0.173; GCA_905479565.1, s__Nitrosopumilus sp905479565, 95.0, 80.21, 0.192; GCA_029864335.1, s__Nitrosopumilus sp029864335, 95.0, 80.16, 0.245; GCA_902514275.1, s__Nitrosopumilus sp902514275, 95.0, 80.16, 0.189; GCA_902514095.1, s__Nitrosopumilus sp902514095, 95.0, 80.09, 0.154; GCA_002317795.1, s__Nitrosopumilus sp002317795, 95.0, 80.05, 0.215; GCA_028335865.1, s__Nitrosopumilus sp028335865, 95.0, 79.99, 0.167; GCA_013215285.1, s__Nitrosopumilus sp013215285, 95.0, 79.92, 0.203; GCA_905616385.1, s__Nitrosopumilus sp905616385, 95.0, 79.83, 0.189; GCA_029881195.1, s__Nitrosopumilus sp029881195, 95.0, 79.73, 0.161; GCF_001541925.1, s__Nitrosopumilus sp001541925, 95.0, 79.67, 0.193; GCA_905612275.1, s__Nitrosopumilus sp905612275, 95.0, 79.53, 0.158; GCA_028448965.1, s__Nitrosopumilus sp028448965, 95.0, 79.52, 0.239; GCA_008080815.1, s__Nitrosopumilus sp008080815, 95.0, 79.52, 0.212; GCA_905612485.1, s__Nitrosopumilus sp905612485, 95.0, 79.46, 0.172; GCA_029864805.1, s__Nitrosopumilus sp029864805, 95.0, 79.44, 0.177; GCF_002156965.1, s__Nitrosopumilus catalinensis, 95.0, 79.4, 0.194; GCA_022117465.1, s__Nitrosopumilus limneticus, 95.0, 79.06, 0.184; GCA_029862745.1, s__Nitrosopumilus sp029862745, 95.0, 79.02, 0.16	93.58	11	N/A	N/A
user_GCF_000144915.1	d__Archaea;p__Thermoproteota;c__Thermoprotei_A;o__Sulfolobales;f__Acidilobaceae;g__Acidilobus;s__Acidilobus saccharovorans	GCF_000144915.1	95.0	d__Archaea;p__Thermoproteota;c__Thermoprotei_A;o__Sulfolobales;f__Acidilobaceae;g__Acidilobus;s__Acidilobus saccharovorans	100.0	1.0	GCF_000144915.1	95.0	d__Archaea;p__Thermoproteota;c__Thermoprotei_A;o__Sulfolobales;f__Acidilobaceae;g__Acidilobus;s__Acidilobus saccharovorans	100.0	1.0	d__Archaea;p__Thermoproteota;c__Thermoprotei_A;o__Sulfolobales;f__Acidilobaceae;g__Acidilobus;s__	taxonomic classification defined by topology and ANI	topological placement and ANI have congruent species assignments	N/A	93.39	11	N/A	N/A
user_GCF_000190315.1	d__Archaea;p__Thermoproteota;c__Thermoprotei;o__Thermoproteales;f__Thermocladiaceae;g__Vulcanisaeta;s__Vulcanisaeta moutnovskia	GCF_000190315.1	95.0	d__Archaea;p__Thermoproteota;c__Thermoprotei;o__Thermoproteales;f__Thermocladiaceae;g__Vulcanisaeta;s__Vulcanisaeta moutnovskia	100.0	1.0	GCF_000190315.1	95.0	d__Archaea;p__Thermoproteota;c__Thermoprotei;o__Thermoproteales;f__Thermocladiaceae;g__Vulcanisaeta;s__Vulcanisaeta moutnovskia	100.0	1.0	d__Archaea;p__Thermoproteota;c__Thermoprotei;o__Thermoproteales;f__Thermocladiaceae;g__Vulcanisaeta;s__	taxonomic classification defined by topology and ANI	topological placement and ANI have congruent species assignments	GCF_001316285.1, s__Vulcanisaeta sp001316285, 95.0, 81.98, 0.276; GCA_002496475.1, s__Vulcanisaeta sp002496475, 95.0, 81.21, 0.183; GCF_001316005.1, s__Vulcanisaeta distributa_B, 95.0, 80.88, 0.246; GCF_000148385.1, s__Vulcanisaeta distributa, 95.0, 80.86, 0.252; GCF_001316265.1, s__Vulcanisaeta sp001316265, 95.0, 80.54, 0.233; GCF_001315985.1, s__Vulcanisaeta distributa_E, 95.0, 80.13, 0.204; GCA_001316125.1, s__Vulcanisaeta distributa_C, 95.0, 79.96, 0.215; GCF_026000775.1, s__Vulcanisaeta souniana, 95.0, 79.96, 0.175	88.24	11	N/A	N/A
user_GCF_000193375.1	d__Archaea;p__Thermoproteota;c__Thermoprotei;o__Thermoproteales;f__Thermoproteaceae;g__Thermoproteus;s__Thermoproteus uzoniensis	GCF_000193375.1	95.0	d__Archaea;p__Thermoproteota;c__Thermoprotei;o__Thermoproteales;f__Thermoproteaceae;g__Thermoproteus;s__Thermoproteus uzoniensis	100.0	1.0	GCF_000193375.1	95.0	d__Archaea;p__Thermoproteota;c__Thermoprotei;o__Thermoproteales;f__Thermoproteaceae;g__Thermoproteus;s__Thermoproteus uzoniensis	100.0	1.0	d__Archaea;p__Thermoproteota;c__Thermoprotei;o__Thermoproteales;f__Thermoproteaceae;g__Thermoproteus;s__	taxonomic classification defined by topology and ANI	topological placement and ANI have congruent species assignments	GCF_002077075.2, s__Thermoproteus sp002077075, 95.0, 82.23, 0.308	88.21	11	N/A	N/A
user_GCF_000220175.1	d__Archaea;p__Thermoproteota;c__Nitrososphaeria;o__Nitrososphaerales;f__Nitrosopumilaceae;g__Nitrosarchaeum;s__Nitrosarchaeum koreense	GCF_000220175.1	95.0	d__Archaea;p__Thermoproteota;c__Nitrososphaeria;o__Nitrososphaerales;f__Nitrosopumilaceae;g__Nitrosarchaeum;s__Nitrosarchaeum koreense	100.0	1.0	GCF_000220175.1	95.0	d__Archaea;p__Thermoproteota;c__Nitrososphaeria;o__Nitrososphaerales;f__Nitrosopumilaceae;g__Nitrosarchaeum;s__Nitrosarchaeum koreense	100.0	1.0	d__Archaea;p__Thermoproteota;c__Nitrososphaeria;o__Nitrososphaerales;f__Nitrosopumilaceae;g__Nitrosarchaeum;s__	taxonomic classification defined by topology and ANI	topological placement and ANI have congruent species assignments	GCF_025699065.1, s__Nitrosarchaeum sp025699065, 95.0, 94.33, 0.851; GCA_018334095.1, s__Nitrosarchaeum sp018334095, 95.0, 91.85, 0.749; GCA_012030815.1, s__Nitrosarchaeum sp012030815, 95.0, 88.11, 0.638; GCA_013140415.1, s__Nitrosarchaeum sp013140415, 95.0, 86.09, 0.449; GCA_009697485.1, s__Nitrosarchaeum sp009697485, 95.0, 86.01, 0.52; GCA_004297665.1, s__Nitrosarchaeum sp004297665, 95.0, 85.79, 0.333; GCA_016234975.1, s__Nitrosarchaeum sp016234975, 95.0, 85.57, 0.387; GCA_025930495.1, s__Nitrosarchaeum sp025930495, 95.0, 85.12, 0.497; GCA_005798405.1, s__Nitrosarchaeum sp005798405, 95.0, 84.69, 0.504; GCA_938049695.1, s__Nitrosarchaeum sp938049695, 95.0, 84.69, 0.489; GCA_023264875.1, s__Nitrosarchaeum sp023264875, 95.0, 84.67, 0.526; GCA_021414105.1, s__Nitrosarchaeum sp021414105, 95.0, 84.28, 0.485; GCA_003569705.1, s__Nitrosarchaeum sp003569705, 95.0, 84.09, 0.481; GCA_021414365.1, s__Nitrosarchaeum sp021414365, 95.0, 83.16, 0.403; GCA_023265135.1, s__Nitrosarchaeum sp023265135, 95.0, 82.43, 0.35; GCA_000204585.1, s__Nitrosarchaeum limnae, 95.0, 82.34, 0.351; GCA_022758935.1, s__Nitrosarchaeum sp022758935, 95.0, 82.11, 0.174; GCA_002737445.1, s__Nitrosarchaeum sp002737445, 95.0, 81.75, 0.339; GCA_016844465.1, s__Nitrosarchaeum sp016844465, 95.0, 81.37, 0.152	91.67	11	N/A	N/A
user_GCF_000231015.2	d__Archaea;p__Thermoproteota;c__Thermoprotei_A;o__Sulfolobales;f__Desulfurococcaceae;g__Desulfurococcus;s__Desulfurococcus amylolyticus	GCF_000513855.1	95.0	d__Archaea;p__Thermoproteota;c__Thermoprotei_A;o__Sulfolobales;f__Desulfurococcaceae;g__Desulfurococcus;s__Desulfurococcus amylolyticus	95.95	0.908	GCF_000513855.1	95.0	d__Archaea;p__Thermoproteota;c__Thermoprotei_A;o__Sulfolobales;f__Desulfurococcaceae;g__Desulfurococcus;s__Desulfurococcus amylolyticus	95.95	0.908	d__Archaea;p__Thermoproteota;c__Thermoprotei_A;o__Sulfolobales;f__Desulfurococcaceae;g__Desulfurococcus;s__	taxonomic classification defined by topology and ANI	topological placement and ANI have congruent species assignments	N/A	98.82	11	N/A	N/A
user_GCF_000299365.1	d__Archaea;p__Thermoproteota;c__Nitrososphaeria;o__Nitrososphaerales;f__Nitrosopumilaceae;g__Nitrosopumilus;s__Nitrosopumilus koreensis	GCF_000299365.1	95.0	d__Archaea;p__Thermoproteota;c__Nitrososphaeria;o__Nitrososphaerales;f__Nitrosopumilaceae;g__Nitrosopumilus;s__Nitrosopumilus koreensis	100.0	1.0	GCF_000299365.1	95.0	d__Archaea;p__Thermoproteota;c__Nitrososphaeria;o__Nitrososphaerales;f__Nitrosopumilaceae;g__Nitrosopumilus;s__Nitrosopumilus koreensis	100.0	1.0	d__Archaea;p__Thermoproteota;c__Nitrososphaeria;o__Nitrososphaerales;f__Nitrosopumilaceae;g__Nitrosopumilus;s__	taxonomic classification defined by topology and ANI	topological placement and ANI have congruent species assignments	GCA_000746765.1, s__Nitrosopumilus sp000746765, 95.0, 86.53, 0.598; GCF_006740685.1, s__Nitrosopumilus sp006740685, 95.0, 86.34, 0.625; GCA_016125975.1, s__Nitrosopumilus sp016125975, 95.0, 86.32, 0.555; GCA_003702525.1, s__Nitrosopumilus sp003702525, 95.0, 86.18, 0.626; GCF_000875775.1, s__Nitrosopumilus piranensis, 95.0, 86.17, 0.567; GCA_003702495.1, s__Nitrosopumilus sp003702495, 95.0, 86.01, 0.592; GCA_003702545.1, s__Nitrosopumilus sp003702545, 95.0, 85.52, 0.591; GCF_000018465.1, s__Nitrosopumilus maritimus, 95.0, 85.48, 0.535; GCA_013867245.1, s__Nitrosopumilus sp013867245, 95.0, 85.06, 0.33; GCA_021268355.1, s__Nitrosopumilus sp021268355, 95.0, 84.64, 0.525; GCA_937875805.1, s__Nitrosopumilus sp937875805, 95.0, 82.86, 0.176; GCA_029941825.1, s__Nitrosopumilus sp029941825, 95.0, 82.68, 0.229; GCA_937896495.1, s__Nitrosopumilus sp937896495, 95.0, 82.51, 0.219; GCA_030637455.1, s__Nitrosopumilus sp030637455, 95.0, 82.5, 0.177; GCA_016784625.1, s__Nitrosopumilus sp016784625, 95.0, 82.28, 0.267; GCA_018674605.1, s__Nitrosopumilus sp018674605, 95.0, 82.0, 0.161; GCA_018668425.1, s__Nitrosopumilus sp018668425, 95.0, 81.78, 0.249; GCA_013043295.1, s__Nitrosopumilus sp013043295, 95.0, 81.58, 0.241; GCA_002730325.1, s__Nitrosopumilus sp002730325, 95.0, 81.56, 0.232; GCA_024644105.1, s__Nitrosopumilus sp024644105, 95.0, 81.53, 0.243; GCA_022565935.1, s__Nitrosopumilus sp022565935, 95.0, 81.29, 0.213; GCA_001510275.1, s__Nitrosopumilus sp001510275, 95.0, 81.28, 0.325; GCA_028279625.1, s__Nitrosopumilus sp028279625, 95.0, 81.19, 0.271; GCA_022564385.1, s__Nitrosopumilus sp022564385, 95.0, 81.16, 0.173; GCA_950073955.1, s__Nitrosopumilus sp950073955, 95.0, 81.12, 0.268; GCA_014384555.1, s__Nitrosopumilus sp014384555, 95.0, 81.11, 0.265; GCA_018263505.1, s__Nitrosopumilus sp018263505, 95.0, 81.11, 0.233; GCA_029861345.1, s__Nitrosopumilus sp029861345, 95.0, 81.05, 0.191; GCA_013911135.1, s__Nitrosopumilus sp013911135, 95.0, 80.97, 0.235; GCF_000242875.2, s__Nitrosopumilus salaria, 95.0, 80.92, 0.213; GCF_000956175.1, s__Nitrosopumilus adriaticus, 95.0, 80.88, 0.242; GCA_029250275.1, s__Nitrosopumilus sp029250275, 95.0, 80.74, 0.214; GCA_013390905.1, s__Nitrosopumilus sp013390905, 95.0, 80.7, 0.246; GCF_013407145.1, s__Nitrosopumilus cobalaminigenes, 95.0, 80.65, 0.263; GCA_013203245.1, s__Nitrosopumilus sp013203245, 95.0, 80.64, 0.18; GCF_014078525.1, s__Nitrosopumilus sp014078525, 95.0, 80.61, 0.255; GCF_013407165.1, s__Nitrosopumilus oxyclinae, 95.0, 80.59, 0.224; GCF_025698945.1, s__Nitrosopumilus sp025698945, 95.0, 80.55, 0.23; GCF_025699125.1, s__Nitrosopumilus sp025699125, 95.0, 80.52, 0.238; GCF_028278985.1, s__Nitrosopumilus sp028278985, 95.0, 80.52, 0.237; GCF_029882185.1, s__Nitrosopumilus sp029882185, 95.0, 80.46, 0.196; GCA_028377625.1, s__Nitrosopumilus sp028377625, 95.0, 80.41, 0.18; GCA_002788515.1, s__Nitrosopumilus sp002788515, 95.0, 80.39, 0.164; GCA_937897875.1, s__Nitrosopumilus sp937897875, 95.0, 80.36, 0.165; GCA_028448965.1, s__Nitrosopumilus sp028448965, 95.0, 80.34, 0.225; GCA_905616385.1, s__Nitrosopumilus sp905616385, 95.0, 80.34, 0.19; GCF_013407185.1, s__Nitrosopumilus ureiphilus, 95.0, 80.32, 0.221; GCA_905612485.1, s__Nitrosopumilus sp905612485, 95.0, 80.25, 0.159; GCA_022573895.1, s__Nitrosopumilus sp022573895, 95.0, 80.23, 0.188; GCA_001543015.1, s__Nitrosopumilus sp001543015, 95.07, 80.22, 0.191; GCA_013215285.1, s__Nitrosopumilus sp013215285, 95.0, 80.2, 0.228; GCA_905479565.1, s__Nitrosopumilus sp905479565, 95.0, 80.18, 0.17; GCA_902514095.1, s__Nitrosopumilus sp902514095, 95.0, 80.18, 0.151; GCF_025699255.1, s__Nitrosopumilus sp025699255, 95.0, 80.17, 0.232; GCA_024276695.1, s__Nitrosopumilus sp024276695, 95.0, 80.17, 0.219; GCF_000299395.1, s__Nitrosopumilus sediminis, 95.0, 80.06, 0.247; GCA_902514275.1, s__Nitrosopumilus sp902514275, 95.0, 80.0, 0.159; GCA_029881195.1, s__Nitrosopumilus sp029881195, 95.0, 79.97, 0.159; GCF_025998175.1, s__Nitrosopumilus zosterae, 95.0, 79.92, 0.22; GCA_029782475.1, s__Nitrosopumilus sp029782475, 95.0, 79.81, 0.168; GCA_029864335.1, s__Nitrosopumilus sp029864335, 95.0, 79.8, 0.209; GCA_002317795.1, s__Nitrosopumilus sp002317795, 95.0, 79.79, 0.205; GCA_003331425.1, s__Nitrosopumilus sp002690535, 95.0, 79.71, 0.173; GCA_025699075.1, s__Nitrosopumilus sp025699075, 95.0, 79.7, 0.224; GCA_003702465.1, s__Nitrosopumilus sp003702465, 95.0, 79.67, 0.176; GCA_029864805.1, s__Nitrosopumilus sp029864805, 95.0, 79.67, 0.174; GCA_028335865.1, s__Nitrosopumilus sp028335865, 95.0, 79.61, 0.153; GCA_028343855.1, s__Nitrosopumilus sp028343855, 95.0, 79.54, 0.194; GCF_001541925.1, s__Nitrosopumilus sp001541925, 95.0, 79.34, 0.157; GCF_002156965.1, s__Nitrosopumilus catalinensis, 95.0, 78.98, 0.153; GCA_029862745.1, s__Nitrosopumilus sp029862745, 95.0, 78.88, 0.155	84.59	11	N/A	N/A
user_GCF_000303155.1	d__Archaea;p__Thermoproteota;c__Nitrososphaeria;o__Nitrososphaerales;f__Nitrososphaeraceae;g__Nitrososphaera;s__Nitrososphaera gargensis	GCF_000303155.1	95.0	d__Archaea;p__Thermoproteota;c__Nitrososphaeria;o__Nitrososphaerales;f__Nitrososphaeraceae;g__Nitrososphaera;s__Nitrososphaera gargensis	100.0	1.0	GCF_000303155.1	95.0	d__Archaea;p__Thermoproteota;c__Nitrososphaeria;o__Nitrososphaerales;f__Nitrososphaeraceae;g__Nitrososphaera;s__Nitrososphaera gargensis	100.0	1.0	d__Archaea;p__Thermoproteota;c__Nitrososphaeria;o__Nitrososphaerales;f__Nitrososphaeraceae;g__Nitrososphaera;s__	taxonomic classification defined by topology and ANI	topological placement and ANI have congruent species assignments	GCA_023250885.1, s__Nitrososphaera sp023250885, 95.0, 84.08, 0.391	91.18	11	N/A	N/A
user_GCF_000513855.1	d__Archaea;p__Thermoproteota;c__Thermoprotei_A;o__Sulfolobales;f__Desulfurococcaceae;g__Desulfurococcus;s__Desulfurococcus amylolyticus	GCF_000513855.1	95.0	d__Archaea;p__Thermoproteota;c__Thermoprotei_A;o__Sulfolobales;f__Desulfurococcaceae;g__Desulfurococcus;s__Desulfurococcus amylolyticus	100.0	1.0	GCF_000513855.1	95.0	d__Archaea;p__Thermoproteota;c__Thermoprotei_A;o__Sulfolobales;f__Desulfurococcaceae;g__Desulfurococcus;s__Desulfurococcus amylolyticus	100.0	1.0	d__Archaea;p__Thermoproteota;c__Thermoprotei_A;o__Sulfolobales;f__Desulfurococcaceae;g__Desulfurococcus;s__	taxonomic classification defined by topology and ANI	topological placement and ANI have congruent species assignments	N/A	98.65	11	N/A	N/A
user_GCF_000698785.1	d__Archaea;p__Thermoproteota;c__Nitrososphaeria;o__Nitrososphaerales;f__Nitrososphaeraceae;g__Nitrososphaera;s__Nitrososphaera viennensis	GCF_000698785.1	95.0	d__Archaea;p__Thermoproteota;c__Nitrososphaeria;o__Nitrososphaerales;f__Nitrososphaeraceae;g__Nitrososphaera;s__Nitrososphaera viennensis	100.0	1.0	GCF_000698785.1	95.0	d__Archaea;p__Thermoproteota;c__Nitrososphaeria;o__Nitrososphaerales;f__Nitrososphaeraceae;g__Nitrososphaera;s__Nitrososphaera viennensis	100.0	1.0	d__Archaea;p__Thermoproteota;c__Nitrososphaeria;o__Nitrososphaerales;f__Nitrososphaeraceae;g__Nitrososphaera;s__	taxonomic classification defined by topology and ANI	topological placement and ANI have congruent species assignments	GCF_946478925.1, s__Nitrososphaera sp946478925, 95.0, 88.18, 0.584; GCF_000730285.1, s__Nitrososphaera evergladensis, 95.0, 88.07, 0.549	89.17	11	N/A	N/A
user_GCF_000723185.1	d__Archaea;p__Thermoproteota;c__Nitrososphaeria;o__Nitrososphaerales;f__Nitrosopumilaceae;g__Nitrosotenuis;s__Nitrosotenuis uzonensis	GCF_000723185.1	95.0	d__Archaea;p__Thermoproteota;c__Nitrososphaeria;o__Nitrososphaerales;f__Nitrosopumilaceae;g__Nitrosotenuis;s__Nitrosotenuis uzonensis	100.0	1.0	GCF_000723185.1	95.0	d__Archaea;p__Thermoproteota;c__Nitrososphaeria;o__Nitrososphaerales;f__Nitrosopumilaceae;g__Nitrosotenuis;s__Nitrosotenuis uzonensis	100.0	1.0	d__Archaea;p__Thermoproteota;c__Nitrososphaeria;o__Nitrososphaerales;f__Nitrosopumilaceae;g__Nitrosotenuis;s__	taxonomic classification defined by topology and ANI	topological placement and ANI have congruent species assignments	N/A	94.61	11	N/A	N/A
user_GCF_000802205.1	d__Archaea;p__Thermoproteota;c__Nitrososphaeria;o__Nitrososphaerales;f__Nitrososphaeraceae;g__Nitrosocosmicus;s__Nitrosocosmicus oleophilus	GCF_000802205.1	95.0	d__Archaea;p__Thermoproteota;c__Nitrososphaeria;o__Nitrososphaerales;f__Nitrososphaeraceae;g__Nitrosocosmicus;s__Nitrosocosmicus oleophilus	100.0	1.0	GCF_000802205.1	95.0	d__Archaea;p__Thermoproteota;c__Nitrososphaeria;o__Nitrososphaerales;f__Nitrososphaeraceae;g__Nitrosocosmicus;s__Nitrosocosmicus oleophilus	100.0	1.0	d__Archaea;p__Thermoproteota;c__Nitrososphaeria;o__Nitrososphaerales;f__Nitrososphaeraceae;g__Nitrosocosmicus;s__	taxonomic classification defined by topology and ANI	topological placement and ANI have congruent species assignments	GCA_029194465.1, s__Nitrosocosmicus sp029194465, 95.0, 92.06, 0.639; GCA_009379865.1, s__Nitrosocosmicus sp009379865, 95.0, 88.68, 0.446; GCA_013694585.1, s__Nitrosocosmicus sp013694585, 95.0, 87.77, 0.499; GCA_030452275.1, s__Nitrosocosmicus sp030452275, 95.0, 87.71, 0.337; GCF_007826885.1, s__Nitrosocosmicus arcticus, 95.0, 85.68, 0.42	91.32	11	N/A	N/A
user_GCF_000812185.1	d__Archaea;p__Thermoproteota;c__Nitrososphaeria;o__Nitrososphaerales;f__Nitrosopumilaceae;g__Nitrosopelagicus;s__Nitrosopelagicus brevis	GCF_000812185.1	95.0	d__Archaea;p__Thermoproteota;c__Nitrososphaeria;o__Nitrososphaerales;f__Nitrosopumilaceae;g__Nitrosopelagicus;s__Nitrosopelagicus brevis	100.0	1.0	GCF_000812185.1	95.0	d__Archaea;p__Thermoproteota;c__Nitrososphaeria;o__Nitrososphaerales;f__Nitrosopumilaceae;g__Nitrosopelagicus;s__Nitrosopelagicus brevis	100.0	1.0	d__Archaea;p__Thermoproteota;c__Nitrososphaeria;o__Nitrososphaerales;f__Nitrosopumilaceae;g__Nitrosopelagicus;s__	taxonomic classification defined by topology and ANI	topological placement and ANI have congruent species assignments	GCA_902552015.1, s__Nitrosopelagicus sp902552015, 95.0, 90.83, 0.818; GCA_937896695.1, s__Nitrosopelagicus sp937896695, 95.0, 89.73, 0.742; GCA_902511735.1, s__Nitrosopelagicus sp902511735, 95.0, 88.86, 0.744; GCA_028344575.1, s__Nitrosopelagicus sp028344575, 95.0, 88.61, 0.822; GCA_028345965.1, s__Nitrosopelagicus sp028345965, 95.0, 88.58, 0.728; GCA_028345575.1, s__Nitrosopelagicus sp028345575, 95.0, 88.57, 0.795; GCA_028345195.1, s__Nitrosopelagicus sp028345195, 95.0, 88.56, 0.783; GCA_018647405.1, s__Nitrosopelagicus sp018647405, 95.0, 88.49, 0.765; GCA_028344155.1, s__Nitrosopelagicus sp028344155, 95.0, 88.49, 0.748; GCA_028343435.1, s__Nitrosopelagicus sp028343435, 95.0, 88.23, 0.763; GCA_028343215.1, s__Nitrosopelagicus sp028343215, 95.0, 88.1, 0.72; GCA_027619455.1, s__Nitrosopelagicus sp001510295, 95.0, 87.09, 0.752; GCA_902512865.1, s__Nitrosopelagicus sp902512865, 95.0, 86.91, 0.639; GCA_028345095.1, s__Nitrosopelagicus sp028345095, 95.0, 86.83, 0.619; GCA_001627235.1, s__Nitrosopelagicus sp001627235, 95.0, 86.23, 0.584; GCA_028242535.1, s__Nitrosopelagicus sp028242535, 95.0, 85.76, 0.581; GCA_902566725.1, s__Nitrosopelagicus sp902566725, 95.0, 85.33, 0.569	91.44	11	N/A	N/A
user_GCF_000875775.1	d__Archaea;p__Thermoproteota;c__Nitrososphaeria;o__Nitrososphaerales;f__Nitrosopumilaceae;g__Nitrosopumilus;s__Nitrosopumilus piranensis	GCF_000875775.1	95.0	d__Archaea;p__Thermoproteota;c__Nitrososphaeria;o__Nitrososphaerales;f__Nitrosopumilaceae;g__Nitrosopumilus;s__Nitrosopumilus piranensis	100.0	1.0	GCF_000875775.1	95.0	d__Archaea;p__Thermoproteota;c__Nitrososphaeria;o__Nitrososphaerales;f__Nitrosopumilaceae;g__Nitrosopumilus;s__Nitrosopumilus piranensis	100.0	1.0	d__Archaea;p__Thermoproteota;c__Nitrososphaeria;o__Nitrososphaerales;f__Nitrosopumilaceae;g__Nitrosopumilus;s__	taxonomic classification defined by topology and ANI	topological placement and ANI have congruent species assignments	GCA_016125975.1, s__Nitrosopumilus sp016125975, 95.0, 87.35, 0.545; GCF_006740685.1, s__Nitrosopumilus sp006740685, 95.0, 86.97, 0.615; GCA_000746765.1, s__Nitrosopumilus sp000746765, 95.0, 86.42, 0.593; GCA_003702525.1, s__Nitrosopumilus sp003702525, 95.0, 86.2, 0.615; GCF_000299365.1, s__Nitrosopumilus koreensis, 95.0, 86.17, 0.567; GCA_003702545.1, s__Nitrosopumilus sp003702545, 95.0, 86.04, 0.59; GCF_000018465.1, s__Nitrosopumilus maritimus, 95.0, 85.78, 0.545; GCA_003702495.1, s__Nitrosopumilus sp003702495, 95.0, 85.6, 0.567; GCA_013867245.1, s__Nitrosopumilus sp013867245, 95.0, 84.84, 0.31; GCA_021268355.1, s__Nitrosopumilus sp021268355, 95.0, 84.43, 0.516; GCA_937875805.1, s__Nitrosopumilus sp937875805, 95.0, 83.24, 0.181; GCA_030637455.1, s__Nitrosopumilus sp030637455, 95.0, 82.89, 0.23; GCA_016784625.1, s__Nitrosopumilus sp016784625, 95.0, 82.8, 0.275; GCA_029860565.1, s__Nitrosopumilus sp029860565, 95.0, 82.34, 0.17; GCA_937896495.1, s__Nitrosopumilus sp937896495, 95.0, 82.28, 0.202; GCA_029941825.1, s__Nitrosopumilus sp029941825, 95.0, 82.08, 0.237; GCA_018674605.1, s__Nitrosopumilus sp018674605, 95.0, 81.97, 0.153; GCA_028279625.1, s__Nitrosopumilus sp028279625, 95.0, 81.71, 0.276; GCA_014384555.1, s__Nitrosopumilus sp014384555, 95.0, 81.69, 0.262; GCA_950073955.1, s__Nitrosopumilus sp950073955, 95.0, 81.68, 0.295; GCA_022565935.1, s__Nitrosopumilus sp022565935, 95.0, 81.66, 0.249; GCA_018668425.1, s__Nitrosopumilus sp018668425, 95.0, 81.6, 0.281; GCA_001510275.1, s__Nitrosopumilus sp001510275, 95.0, 81.59, 0.298; GCA_013043295.1, s__Nitrosopumilus sp013043295, 95.0, 81.58, 0.239; GCA_024644105.1, s__Nitrosopumilus sp024644105, 95.0, 81.57, 0.26; GCA_002730325.1, s__Nitrosopumilus sp002730325, 95.0, 81.45, 0.206; GCA_013911135.1, s__Nitrosopumilus sp013911135, 95.0, 81.28, 0.239; GCA_029250275.1, s__Nitrosopumilus sp029250275, 95.0, 81.25, 0.247; GCA_018263505.1, s__Nitrosopumilus sp018263505, 95.0, 81.19, 0.219; GCA_013203245.1, s__Nitrosopumilus sp013203245, 95.0, 81.15, 0.186; GCF_013407145.1, s__Nitrosopumilus cobalaminigenes, 95.0, 81.11, 0.283; GCA_002788515.1, s__Nitrosopumilus sp002788515, 95.0, 81.03, 0.218; GCF_029882185.1, s__Nitrosopumilus sp029882185, 95.0, 81.03, 0.206; GCF_000242875.2, s__Nitrosopumilus salaria, 95.0, 80.99, 0.204; GCA_029861345.1, s__Nitrosopumilus sp029861345, 95.0, 80.95, 0.177; GCA_022564385.1, s__Nitrosopumilus sp022564385, 95.0, 80.92, 0.19; GCA_013390905.1, s__Nitrosopumilus sp013390905, 95.0, 80.88, 0.259; GCA_003702465.1, s__Nitrosopumilus sp003702465, 95.0, 80.88, 0.155; GCA_937897875.1, s__Nitrosopumilus sp937897875, 95.0, 80.82, 0.179; GCF_014078525.1, s__Nitrosopumilus sp014078525, 95.0, 80.73, 0.264; GCF_025698945.1, s__Nitrosopumilus sp025698945, 95.0, 80.65, 0.197; GCF_000299395.1, s__Nitrosopumilus sediminis, 95.0, 80.63, 0.234; GCA_025699075.1, s__Nitrosopumilus sp025699075, 95.0, 80.62, 0.215; GCA_905616385.1, s__Nitrosopumilus sp905616385, 95.0, 80.61, 0.198; GCF_013407185.1, s__Nitrosopumilus ureiphilus, 95.0, 80.57, 0.239; GCA_001543015.1, s__Nitrosopumilus sp001543015, 95.07, 80.53, 0.185; GCA_029782475.1, s__Nitrosopumilus sp029782475, 95.0, 80.52, 0.18; GCF_013407165.1, s__Nitrosopumilus oxyclinae, 95.0, 80.49, 0.239; GCF_028278985.1, s__Nitrosopumilus sp028278985, 95.0, 80.48, 0.227; GCF_000956175.1, s__Nitrosopumilus adriaticus, 95.0, 80.45, 0.252; GCF_025699255.1, s__Nitrosopumilus sp025699255, 95.0, 80.38, 0.214; GCA_024276695.1, s__Nitrosopumilus sp024276695, 95.0, 80.27, 0.236; GCA_905612275.1, s__Nitrosopumilus sp905612275, 95.0, 80.25, 0.176; GCA_013215285.1, s__Nitrosopumilus sp013215285, 95.0, 80.22, 0.249; GCA_022573895.1, s__Nitrosopumilus sp022573895, 95.0, 80.22, 0.188; GCA_905612295.1, s__Nitrosopumilus sp905612295, 95.0, 80.22, 0.178; GCA_905612485.1, s__Nitrosopumilus sp905612485, 95.0, 80.22, 0.169; GCA_905479565.1, s__Nitrosopumilus sp905479565, 95.0, 80.21, 0.188; GCA_028377625.1, s__Nitrosopumilus sp028377625, 95.0, 80.16, 0.189; GCA_902514095.1, s__Nitrosopumilus sp902514095, 95.0, 80.16, 0.165; GCA_028343855.1, s__Nitrosopumilus sp028343855, 95.0, 80.1, 0.198; GCF_025699125.1, s__Nitrosopumilus sp025699125, 95.0, 80.09, 0.216; GCA_003331425.1, s__Nitrosopumilus sp002690535, 95.0, 80.06, 0.196; GCA_029881195.1, s__Nitrosopumilus sp029881195, 95.0, 80.02, 0.179; GCF_025998175.1, s__Nitrosopumilus zosterae, 95.0, 79.96, 0.212; GCA_002317795.1, s__Nitrosopumilus sp002317795, 95.0, 79.8, 0.201; GCA_028335865.1, s__Nitrosopumilus sp028335865, 95.0, 79.78, 0.168; GCA_902514275.1, s__Nitrosopumilus sp902514275, 95.0, 79.78, 0.163; GCA_029864335.1, s__Nitrosopumilus sp029864335, 95.0, 79.7, 0.223; GCF_002156965.1, s__Nitrosopumilus catalinensis, 95.0, 79.7, 0.165; GCA_028448965.1, s__Nitrosopumilus sp028448965, 95.0, 79.64, 0.171; GCF_001541925.1, s__Nitrosopumilus sp001541925, 95.0, 79.63, 0.191; GCA_029862745.1, s__Nitrosopumilus sp029862745, 95.0, 79.12, 0.156; GCA_022117465.1, s__Nitrosopumilus limneticus, 95.0, 78.73, 0.154	93.55	11	N/A	N/A
user_GCF_000956175.1	d__Archaea;p__Thermoproteota;c__Nitrososphaeria;o__Nitrososphaerales;f__Nitrosopumilaceae;g__Nitrosopumilus;s__Nitrosopumilus adriaticus	GCF_000956175.1	95.0	d__Archaea;p__Thermoproteota;c__Nitrososphaeria;o__Nitrososphaerales;f__Nitrosopumilaceae;g__Nitrosopumilus;s__Nitrosopumilus adriaticus	100.0	1.0	GCF_000956175.1	95.0	d__Archaea;p__Thermoproteota;c__Nitrososphaeria;o__Nitrososphaerales;f__Nitrosopumilaceae;g__Nitrosopumilus;s__Nitrosopumilus adriaticus	100.0	1.0	d__Archaea;p__Thermoproteota;c__Nitrososphaeria;o__Nitrososphaerales;f__Nitrosopumilaceae;g__Nitrosopumilus;s__	taxonomic classification defined by topology and ANI	topological placement and ANI have congruent species assignments	GCF_014078525.1, s__Nitrosopumilus sp014078525, 95.0, 90.7, 0.768; GCF_013407185.1, s__Nitrosopumilus ureiphilus, 95.0, 87.22, 0.543; GCA_029864335.1, s__Nitrosopumilus sp029864335, 95.0, 85.97, 0.525; GCA_029881195.1, s__Nitrosopumilus sp029881195, 95.0, 85.32, 0.454; GCA_937875805.1, s__Nitrosopumilus sp937875805, 95.0, 85.02, 0.253; GCA_029864805.1, s__Nitrosopumilus sp029864805, 95.0, 84.75, 0.401; GCF_025699125.1, s__Nitrosopumilus sp025699125, 95.0, 84.7, 0.486; GCF_025998175.1, s__Nitrosopumilus zosterae, 95.0, 84.58, 0.486; GCA_029863665.1, s__Nitrosopumilus sp029863665, 95.0, 84.34, 0.185; GCA_030637455.1, s__Nitrosopumilus sp030637455, 95.0, 83.51, 0.268; GCA_029941825.1, s__Nitrosopumilus sp029941825, 95.0, 83.5, 0.274; GCA_029860565.1, s__Nitrosopumilus sp029860565, 95.0, 83.48, 0.241; GCA_016784625.1, s__Nitrosopumilus sp016784625, 95.0, 83.44, 0.362; GCA_029880665.1, s__Nitrosopumilus sp029880665, 95.0, 83.3, 0.18; GCA_013002265.1, s__Nitrosopumilus sp013002265, 95.0, 83.01, 0.188; GCA_014384555.1, s__Nitrosopumilus sp014384555, 95.0, 82.9, 0.354; GCF_000242875.2, s__Nitrosopumilus salaria, 95.0, 82.85, 0.284; GCA_024644105.1, s__Nitrosopumilus sp024644105, 95.0, 82.81, 0.35; GCA_937896495.1, s__Nitrosopumilus sp937896495, 95.0, 82.79, 0.229; GCA_013043295.1, s__Nitrosopumilus sp013043295, 95.0, 82.75, 0.296; GCA_018674605.1, s__Nitrosopumilus sp018674605, 95.0, 82.75, 0.172; GCA_013203245.1, s__Nitrosopumilus sp013203245, 95.0, 82.53, 0.274; GCA_002730325.1, s__Nitrosopumilus sp002730325, 95.0, 82.52, 0.266; GCA_001510275.1, s__Nitrosopumilus sp001510275, 95.0, 82.4, 0.364; GCA_022564385.1, s__Nitrosopumilus sp022564385, 95.0, 82.37, 0.222; GCA_950073955.1, s__Nitrosopumilus sp950073955, 95.0, 82.35, 0.311; GCA_022565935.1, s__Nitrosopumilus sp022565935, 95.0, 82.19, 0.261; GCF_013407145.1, s__Nitrosopumilus cobalaminigenes, 95.0, 82.14, 0.363; GCA_013867245.1, s__Nitrosopumilus sp013867245, 95.0, 82.1, 0.228; GCA_013911135.1, s__Nitrosopumilus sp013911135, 95.0, 82.09, 0.293; GCA_029861085.1, s__Nitrosopumilus sp029861085, 95.0, 82.09, 0.155; GCA_029250275.1, s__Nitrosopumilus sp029250275, 95.0, 82.01, 0.302; GCF_013407165.1, s__Nitrosopumilus oxyclinae, 95.0, 81.98, 0.327; GCA_002788515.1, s__Nitrosopumilus sp002788515, 95.0, 81.96, 0.246; GCA_937897875.1, s__Nitrosopumilus sp937897875, 95.0, 81.86, 0.225; GCA_028377625.1, s__Nitrosopumilus sp028377625, 95.0, 81.8, 0.263; GCA_000746765.1, s__Nitrosopumilus sp000746765, 95.0, 81.77, 0.268; GCF_000299395.1, s__Nitrosopumilus sediminis, 95.0, 81.74, 0.304; GCA_003702545.1, s__Nitrosopumilus sp003702545, 95.0, 81.74, 0.273; GCA_905616385.1, s__Nitrosopumilus sp905616385, 95.0, 81.73, 0.284; GCA_029782475.1, s__Nitrosopumilus sp029782475, 95.0, 81.7, 0.236; GCA_016125975.1, s__Nitrosopumilus sp016125975, 95.0, 81.61, 0.23; GCA_018668425.1, s__Nitrosopumilus sp018668425, 95.0, 81.57, 0.273; GCA_905612275.1, s__Nitrosopumilus sp905612275, 95.0, 81.56, 0.256; GCF_025699255.1, s__Nitrosopumilus sp025699255, 95.0, 81.54, 0.27; GCF_006740685.1, s__Nitrosopumilus sp006740685, 95.0, 81.53, 0.32; GCF_029882185.1, s__Nitrosopumilus sp029882185, 95.0, 81.51, 0.26; GCA_021268355.1, s__Nitrosopumilus sp021268355, 95.0, 81.48, 0.261; GCA_024276695.1, s__Nitrosopumilus sp024276695, 95.0, 81.46, 0.322; GCA_029861345.1, s__Nitrosopumilus sp029861345, 95.0, 81.46, 0.23; GCA_018263505.1, s__Nitrosopumilus sp018263505, 95.0, 81.45, 0.243; GCF_000018465.1, s__Nitrosopumilus maritimus, 95.0, 81.39, 0.279; GCA_013390905.1, s__Nitrosopumilus sp013390905, 95.0, 81.38, 0.301; GCA_905479565.1, s__Nitrosopumilus sp905479565, 95.0, 81.34, 0.254; GCA_902514095.1, s__Nitrosopumilus sp902514095, 95.0, 81.3, 0.209; GCA_025699075.1, s__Nitrosopumilus sp025699075, 95.0, 81.27, 0.278; GCA_905612485.1, s__Nitrosopumilus sp905612485, 95.0, 81.25, 0.224; GCA_013215285.1, s__Nitrosopumilus sp013215285, 95.0, 81.19, 0.278; GCF_025698945.1, s__Nitrosopumilus sp025698945, 95.0, 81.12, 0.25; GCA_001543015.1, s__Nitrosopumilus sp001543015, 95.07, 81.11, 0.231; GCA_028448965.1, s__Nitrosopumilus sp028448965, 95.0, 81.08, 0.234; GCA_028279625.1, s__Nitrosopumilus sp028279625, 95.0, 81.08, 0.212; GCA_001437625.1, s__Nitrosopumilus sp001437625, 95.0, 81.04, 0.194; GCA_002317795.1, s__Nitrosopumilus sp002317795, 95.0, 80.99, 0.227; GCA_028335865.1, s__Nitrosopumilus sp028335865, 95.0, 80.92, 0.248; GCA_022573895.1, s__Nitrosopumilus sp022573895, 95.0, 80.9, 0.204; GCF_000299365.1, s__Nitrosopumilus koreensis, 95.0, 80.88, 0.242; GCA_003331425.1, s__Nitrosopumilus sp002690535, 95.0, 80.86, 0.248; GCA_905612295.1, s__Nitrosopumilus sp905612295, 95.0, 80.83, 0.215; GCA_003702525.1, s__Nitrosopumilus sp003702525, 95.0, 80.69, 0.292; GCA_003702465.1, s__Nitrosopumilus sp003702465, 95.0, 80.68, 0.208; GCA_902514275.1, s__Nitrosopumilus sp902514275, 95.0, 80.67, 0.246; GCA_028343855.1, s__Nitrosopumilus sp028343855, 95.0, 80.64, 0.232; GCA_003702495.1, s__Nitrosopumilus sp003702495, 95.0, 80.6, 0.244; GCA_028351415.1, s__Nitrosopumilus sp028351415, 95.0, 80.52, 0.217; GCF_000875775.1, s__Nitrosopumilus piranensis, 95.0, 80.45, 0.252; GCA_029862745.1, s__Nitrosopumilus sp029862745, 95.0, 80.44, 0.227; GCF_001541925.1, s__Nitrosopumilus sp001541925, 95.0, 80.18, 0.187; GCF_002156965.1, s__Nitrosopumilus catalinensis, 95.0, 80.07, 0.203; GCA_022117465.1, s__Nitrosopumilus limneticus, 95.0, 80.04, 0.189; GCA_029255365.1, s__Nitrosopumilus sp029255365, 95.0, 80.0, 0.205; GCF_028278985.1, s__Nitrosopumilus sp028278985, 95.0, 79.48, 0.191; GCA_028439825.1, s__Nitrosopumilus sp014384445, 95.0, 79.33, 0.2; GCA_008080815.1, s__Nitrosopumilus sp008080815, 95.0, 79.21, 0.151	93.63	11	N/A	N/A
user_GCF_002156965.1	d__Archaea;p__Thermoproteota;c__Nitrososphaeria;o__Nitrososphaerales;f__Nitrosopumilaceae;g__Nitrosopumilus;s__Nitrosopumilus catalinensis	GCF_002156965.1	95.0	d__Archaea;p__Thermoproteota;c__Nitrososphaeria;o__Nitrososphaerales;f__Nitrosopumilaceae;g__Nitrosopumilus;s__Nitrosopumilus catalinensis	100.0	1.0	GCF_002156965.1	95.0	d__Archaea;p__Thermoproteota;c__Nitrososphaeria;o__Nitrososphaerales;f__Nitrosopumilaceae;g__Nitrosopumilus;s__Nitrosopumilus catalinensis	100.0	1.0	d__Archaea;p__Thermoproteota;c__Nitrososphaeria;o__Nitrososphaerales;f__Nitrosopumilaceae;g__Nitrosopumilus;s__	taxonomic classification defined by topology and ANI	topological placement and ANI have congruent species assignments	GCA_003331425.1, s__Nitrosopumilus sp002690535, 95.0, 93.87, 0.923; GCA_013867245.1, s__Nitrosopumilus sp013867245, 95.0, 92.99, 0.548; GCF_001541925.1, s__Nitrosopumilus sp001541925, 95.0, 89.98, 0.764; GCA_003702465.1, s__Nitrosopumilus sp003702465, 95.0, 89.73, 0.819; GCA_028343855.1, s__Nitrosopumilus sp028343855, 95.0, 88.55, 0.744; GCA_937897875.1, s__Nitrosopumilus sp937897875, 95.0, 88.54, 0.749; GCA_028377625.1, s__Nitrosopumilus sp028377625, 95.0, 88.36, 0.724; GCA_902514275.1, s__Nitrosopumilus sp902514275, 95.0, 87.63, 0.672; GCA_905616385.1, s__Nitrosopumilus sp905616385, 95.0, 87.62, 0.657; GCA_028448965.1, s__Nitrosopumilus sp028448965, 95.0, 87.53, 0.726; GCA_902514095.1, s__Nitrosopumilus sp902514095, 95.0, 87.49, 0.656; GCA_905612485.1, s__Nitrosopumilus sp905612485, 95.0, 86.92, 0.61; GCA_018674605.1, s__Nitrosopumilus sp018674605, 95.0, 86.78, 0.496; GCA_905612275.1, s__Nitrosopumilus sp905612275, 95.0, 86.65, 0.557; GCA_905612295.1, s__Nitrosopumilus sp905612295, 95.0, 86.51, 0.582; GCA_018657375.1, s__Nitrosopumilus sp018657375, 95.0, 86.03, 0.472; GCA_022117465.1, s__Nitrosopumilus limneticus, 95.0, 85.77, 0.622; GCA_001437625.1, s__Nitrosopumilus sp001437625, 95.0, 85.76, 0.509; GCA_028335865.1, s__Nitrosopumilus sp028335865, 95.0, 85.74, 0.56; GCA_028439825.1, s__Nitrosopumilus sp014384445, 95.0, 85.6, 0.602; GCA_028351415.1, s__Nitrosopumilus sp028351415, 95.0, 85.32, 0.511; GCA_937875805.1, s__Nitrosopumilus sp937875805, 95.0, 83.79, 0.198; GCA_937896495.1, s__Nitrosopumilus sp937896495, 95.0, 82.51, 0.217; GCA_002730325.1, s__Nitrosopumilus sp002730325, 95.0, 82.35, 0.243; GCA_029941825.1, s__Nitrosopumilus sp029941825, 95.0, 82.3, 0.224; GCA_030637455.1, s__Nitrosopumilus sp030637455, 95.0, 82.05, 0.193; GCA_016784625.1, s__Nitrosopumilus sp016784625, 95.0, 81.9, 0.204; GCA_013043295.1, s__Nitrosopumilus sp013043295, 95.0, 81.48, 0.198; GCA_014384555.1, s__Nitrosopumilus sp014384555, 95.0, 81.41, 0.225; GCA_029860565.1, s__Nitrosopumilus sp029860565, 95.0, 81.25, 0.154; GCA_024644105.1, s__Nitrosopumilus sp024644105, 95.0, 81.1, 0.222; GCA_018263505.1, s__Nitrosopumilus sp018263505, 95.0, 81.05, 0.22; GCF_013407145.1, s__Nitrosopumilus cobalaminigenes, 95.0, 80.9, 0.268; GCA_013203245.1, s__Nitrosopumilus sp013203245, 95.0, 80.9, 0.184; GCA_018668425.1, s__Nitrosopumilus sp018668425, 95.0, 80.85, 0.207; GCF_013407165.1, s__Nitrosopumilus oxyclinae, 95.0, 80.83, 0.265; GCA_029250275.1, s__Nitrosopumilus sp029250275, 95.0, 80.72, 0.214; GCA_022565935.1, s__Nitrosopumilus sp022565935, 95.0, 80.67, 0.173; GCA_001510275.1, s__Nitrosopumilus sp001510275, 95.0, 80.61, 0.214; GCA_001543015.1, s__Nitrosopumilus sp001543015, 95.07, 80.5, 0.242; GCA_029782475.1, s__Nitrosopumilus sp029782475, 95.0, 80.38, 0.214; GCF_025998175.1, s__Nitrosopumilus zosterae, 95.0, 80.24, 0.174; GCF_000242875.2, s__Nitrosopumilus salaria, 95.0, 80.22, 0.159; GCA_013911135.1, s__Nitrosopumilus sp013911135, 95.0, 80.18, 0.185; GCF_000956175.1, s__Nitrosopumilus adriaticus, 95.0, 80.07, 0.203; GCA_003702495.1, s__Nitrosopumilus sp003702495, 95.0, 80.05, 0.173; GCA_950073955.1, s__Nitrosopumilus sp950073955, 95.0, 80.03, 0.175; GCF_029882185.1, s__Nitrosopumilus sp029882185, 95.0, 80.02, 0.168; GCA_013390905.1, s__Nitrosopumilus sp013390905, 95.0, 79.97, 0.181; GCA_016125975.1, s__Nitrosopumilus sp016125975, 95.0, 79.94, 0.176; GCF_025699255.1, s__Nitrosopumilus sp025699255, 95.0, 79.9, 0.228; GCA_003702545.1, s__Nitrosopumilus sp003702545, 95.0, 79.87, 0.167; GCA_002317795.1, s__Nitrosopumilus sp002317795, 95.0, 79.85, 0.231; GCF_006740685.1, s__Nitrosopumilus sp006740685, 95.0, 79.85, 0.194; GCA_013215285.1, s__Nitrosopumilus sp013215285, 95.0, 79.83, 0.221; GCF_000299395.1, s__Nitrosopumilus sediminis, 95.0, 79.81, 0.231; GCF_000875775.1, s__Nitrosopumilus piranensis, 95.0, 79.7, 0.165; GCF_025699125.1, s__Nitrosopumilus sp025699125, 95.0, 79.68, 0.162; GCA_000746765.1, s__Nitrosopumilus sp000746765, 95.0, 79.63, 0.168; GCA_003702525.1, s__Nitrosopumilus sp003702525, 95.0, 79.57, 0.151; GCA_905479565.1, s__Nitrosopumilus sp905479565, 95.0, 79.54, 0.173; GCA_029864335.1, s__Nitrosopumilus sp029864335, 95.0, 79.43, 0.182; GCA_024276695.1, s__Nitrosopumilus sp024276695, 95.0, 79.41, 0.207; GCF_000018465.1, s__Nitrosopumilus maritimus, 95.0, 79.4, 0.194; GCA_021268355.1, s__Nitrosopumilus sp021268355, 95.0, 79.17, 0.166; GCF_025698945.1, s__Nitrosopumilus sp025698945, 95.0, 79.14, 0.197; GCA_029862745.1, s__Nitrosopumilus sp029862745, 95.0, 79.11, 0.166; GCA_008080815.1, s__Nitrosopumilus sp008080815, 95.0, 79.05, 0.151; GCF_014078525.1, s__Nitrosopumilus sp014078525, 95.0, 79.03, 0.191; GCA_025699075.1, s__Nitrosopumilus sp025699075, 95.0, 79.01, 0.181; GCF_000299365.1, s__Nitrosopumilus koreensis, 95.0, 78.98, 0.153	93.54	11	N/A	N/A
user_GCF_013407145.1	d__Archaea;p__Thermoproteota;c__Nitrososphaeria;o__Nitrososphaerales;f__Nitrosopumilaceae;g__Nitrosopumilus;s__Nitrosopumilus cobalaminigenes	GCF_013407145.1	95.0	d__Archaea;p__Thermoproteota;c__Nitrososphaeria;o__Nitrososphaerales;f__Nitrosopumilaceae;g__Nitrosopumilus;s__Nitrosopumilus cobalaminigenes	100.0	1.0	GCF_013407145.1	95.0	d__Archaea;p__Thermoproteota;c__Nitrososphaeria;o__Nitrososphaerales;f__Nitrosopumilaceae;g__Nitrosopumilus;s__Nitrosopumilus cobalaminigenes	100.0	1.0	d__Archaea;p__Thermoproteota;c__Nitrososphaeria;o__Nitrososphaerales;f__Nitrosopumilaceae;g__Nitrosopumilus;s__	taxonomic classification defined by topology and ANI	topological placement and ANI have congruent species assignments	GCA_030637455.1, s__Nitrosopumilus sp030637455, 95.0, 87.2, 0.545; GCA_937875805.1, s__Nitrosopumilus sp937875805, 95.0, 87.06, 0.459; GCA_014384555.1, s__Nitrosopumilus sp014384555, 95.0, 87.03, 0.627; GCA_013043295.1, s__Nitrosopumilus sp013043295, 95.0, 86.23, 0.537; GCA_024644105.1, s__Nitrosopumilus sp024644105, 95.0, 86.22, 0.591; GCF_013407165.1, s__Nitrosopumilus oxyclinae, 95.0, 85.66, 0.585; GCF_025699255.1, s__Nitrosopumilus sp025699255, 95.0, 85.62, 0.595; GCA_024276695.1, s__Nitrosopumilus sp024276695, 95.0, 85.6, 0.534; GCA_029250275.1, s__Nitrosopumilus sp029250275, 95.0, 85.32, 0.502; GCF_000299395.1, s__Nitrosopumilus sediminis, 95.0, 85.11, 0.524; GCA_013203245.1, s__Nitrosopumilus sp013203245, 95.0, 84.95, 0.458; GCA_029782475.1, s__Nitrosopumilus sp029782475, 95.0, 84.92, 0.536; GCF_029882185.1, s__Nitrosopumilus sp029882185, 95.0, 84.8, 0.466; GCA_025699075.1, s__Nitrosopumilus sp025699075, 95.0, 84.76, 0.519; GCA_029863665.1, s__Nitrosopumilus sp029863665, 95.0, 84.47, 0.167; GCA_029860565.1, s__Nitrosopumilus sp029860565, 95.0, 84.21, 0.33; GCA_905479565.1, s__Nitrosopumilus sp905479565, 95.0, 84.15, 0.475; GCA_018674605.1, s__Nitrosopumilus sp018674605, 95.0, 83.9, 0.247; GCA_016784625.1, s__Nitrosopumilus sp016784625, 95.0, 83.81, 0.363; GCA_029941825.1, s__Nitrosopumilus sp029941825, 95.0, 83.4, 0.341; GCA_002788515.1, s__Nitrosopumilus sp002788515, 95.0, 83.3, 0.36; GCA_029861085.1, s__Nitrosopumilus sp029861085, 95.0, 83.25, 0.207; GCA_937896495.1, s__Nitrosopumilus sp937896495, 95.0, 83.21, 0.282; GCA_028377625.1, s__Nitrosopumilus sp028377625, 95.0, 83.17, 0.367; GCA_001510275.1, s__Nitrosopumilus sp001510275, 95.0, 83.09, 0.446; GCA_029880665.1, s__Nitrosopumilus sp029880665, 95.0, 83.05, 0.189; GCA_018668425.1, s__Nitrosopumilus sp018668425, 95.0, 83.02, 0.37; GCA_002730325.1, s__Nitrosopumilus sp002730325, 95.0, 82.95, 0.312; GCA_029255365.1, s__Nitrosopumilus sp029255365, 95.0, 82.84, 0.392; GCF_000242875.2, s__Nitrosopumilus salaria, 95.0, 82.76, 0.29; GCA_013867245.1, s__Nitrosopumilus sp013867245, 95.0, 82.69, 0.262; GCA_022565935.1, s__Nitrosopumilus sp022565935, 95.0, 82.58, 0.297; GCA_937897875.1, s__Nitrosopumilus sp937897875, 95.0, 82.55, 0.303; GCA_905616385.1, s__Nitrosopumilus sp905616385, 95.0, 82.5, 0.311; GCA_028343855.1, s__Nitrosopumilus sp028343855, 95.0, 82.45, 0.321; GCA_950073955.1, s__Nitrosopumilus sp950073955, 95.0, 82.31, 0.334; GCA_013911135.1, s__Nitrosopumilus sp013911135, 95.0, 82.3, 0.329; GCA_028448965.1, s__Nitrosopumilus sp028448965, 95.0, 82.26, 0.314; GCA_003702465.1, s__Nitrosopumilus sp003702465, 95.0, 82.2, 0.277; GCA_905612275.1, s__Nitrosopumilus sp905612275, 95.0, 82.19, 0.275; GCF_000956175.1, s__Nitrosopumilus adriaticus, 95.0, 82.14, 0.363; GCA_902514095.1, s__Nitrosopumilus sp902514095, 95.0, 82.1, 0.271; GCA_905612485.1, s__Nitrosopumilus sp905612485, 95.0, 81.84, 0.258; GCA_951812645.1, s__Nitrosopumilus sp951812645, 95.0, 81.82, 0.34; GCF_014078525.1, s__Nitrosopumilus sp014078525, 95.0, 81.8, 0.341; GCA_022564385.1, s__Nitrosopumilus sp022564385, 95.0, 81.75, 0.224; GCA_003331425.1, s__Nitrosopumilus sp002690535, 95.0, 81.73, 0.297; GCF_013407185.1, s__Nitrosopumilus ureiphilus, 95.0, 81.71, 0.328; GCA_013390905.1, s__Nitrosopumilus sp013390905, 95.0, 81.7, 0.344; GCA_029861345.1, s__Nitrosopumilus sp029861345, 95.0, 81.68, 0.23; GCA_029881195.1, s__Nitrosopumilus sp029881195, 95.0, 81.63, 0.229; GCF_000018465.1, s__Nitrosopumilus maritimus, 95.0, 81.6, 0.318; GCA_000746765.1, s__Nitrosopumilus sp000746765, 95.0, 81.6, 0.284; GCA_016125975.1, s__Nitrosopumilus sp016125975, 95.0, 81.59, 0.307; GCA_003702545.1, s__Nitrosopumilus sp003702545, 95.0, 81.59, 0.279; GCA_018263505.1, s__Nitrosopumilus sp018263505, 95.0, 81.54, 0.3; GCA_902514275.1, s__Nitrosopumilus sp902514275, 95.0, 81.5, 0.281; GCA_003702495.1, s__Nitrosopumilus sp003702495, 95.0, 81.49, 0.291; GCA_001543015.1, s__Nitrosopumilus sp001543015, 95.07, 81.48, 0.292; GCA_018657375.1, s__Nitrosopumilus sp018657375, 95.0, 81.47, 0.153; GCF_025699125.1, s__Nitrosopumilus sp025699125, 95.0, 81.42, 0.322; GCA_001437625.1, s__Nitrosopumilus sp001437625, 95.0, 81.4, 0.221; GCA_028279625.1, s__Nitrosopumilus sp028279625, 95.0, 81.38, 0.259; GCA_013215285.1, s__Nitrosopumilus sp013215285, 95.0, 81.3, 0.325; GCF_025998175.1, s__Nitrosopumilus zosterae, 95.0, 81.24, 0.303; GCA_028335865.1, s__Nitrosopumilus sp028335865, 95.0, 81.24, 0.214; GCA_029263475.1, s__Nitrosopumilus sp029263475, 95.0, 81.24, 0.209; GCF_006740685.1, s__Nitrosopumilus sp006740685, 95.0, 81.22, 0.348; GCA_002317795.1, s__Nitrosopumilus sp002317795, 95.0, 81.22, 0.268; GCA_905612295.1, s__Nitrosopumilus sp905612295, 95.0, 81.2, 0.244; GCA_022117465.1, s__Nitrosopumilus limneticus, 95.0, 81.13, 0.262; GCA_029864335.1, s__Nitrosopumilus sp029864335, 95.0, 81.11, 0.331; GCF_000875775.1, s__Nitrosopumilus piranensis, 95.0, 81.11, 0.283; GCA_022573895.1, s__Nitrosopumilus sp022573895, 95.0, 81.09, 0.225; GCA_003702525.1, s__Nitrosopumilus sp003702525, 95.0, 81.04, 0.322; GCF_002156965.1, s__Nitrosopumilus catalinensis, 95.0, 80.9, 0.268; GCF_025698945.1, s__Nitrosopumilus sp025698945, 95.0, 80.89, 0.294; GCA_029862745.1, s__Nitrosopumilus sp029862745, 95.0, 80.81, 0.257; GCA_014075315.1, s__Nitrosopumilus sp014075315, 95.0, 80.74, 0.204; GCA_021268355.1, s__Nitrosopumilus sp021268355, 95.0, 80.65, 0.268; GCF_000299365.1, s__Nitrosopumilus koreensis, 95.0, 80.65, 0.263; GCF_001541925.1, s__Nitrosopumilus sp001541925, 95.0, 80.64, 0.243; GCA_028439825.1, s__Nitrosopumilus sp014384445, 95.0, 80.47, 0.256; GCF_028278985.1, s__Nitrosopumilus sp028278985, 95.0, 80.4, 0.255; GCA_029864805.1, s__Nitrosopumilus sp029864805, 95.0, 80.38, 0.237; GCA_028351415.1, s__Nitrosopumilus sp028351415, 95.0, 80.06, 0.215; GCA_951812655.1, s__Nitrosopumilus sp951812655, 95.0, 79.79, 0.172	93.58	11	N/A	N/A
user_GCF_013407165.1	d__Archaea;p__Thermoproteota;c__Nitrososphaeria;o__Nitrososphaerales;f__Nitrosopumilaceae;g__Nitrosopumilus;s__Nitrosopumilus oxyclinae	GCF_013407165.1	95.0	d__Archaea;p__Thermoproteota;c__Nitrososphaeria;o__Nitrososphaerales;f__Nitrosopumilaceae;g__Nitrosopumilus;s__Nitrosopumilus oxyclinae	100.0	1.0	GCF_013407165.1	95.0	d__Archaea;p__Thermoproteota;c__Nitrososphaeria;o__Nitrososphaerales;f__Nitrosopumilaceae;g__Nitrosopumilus;s__Nitrosopumilus oxyclinae	100.0	1.0	d__Archaea;p__Thermoproteota;c__Nitrososphaeria;o__Nitrososphaerales;f__Nitrosopumilaceae;g__Nitrosopumilus;s__	taxonomic classification defined by topology and ANI	topological placement and ANI have congruent species assignments	GCA_030637455.1, s__Nitrosopumilus sp030637455, 95.0, 90.05, 0.68; GCA_937875805.1, s__Nitrosopumilus sp937875805, 95.0, 88.59, 0.524; GCA_029782475.1, s__Nitrosopumilus sp029782475, 95.0, 87.67, 0.625; GCA_905479565.1, s__Nitrosopumilus sp905479565, 95.0, 87.47, 0.63; GCA_014384555.1, s__Nitrosopumilus sp014384555, 95.0, 87.11, 0.606; GCA_029250275.1, s__Nitrosopumilus sp029250275, 95.0, 86.56, 0.551; GCA_013203245.1, s__Nitrosopumilus sp013203245, 95.0, 86.52, 0.535; GCA_013043295.1, s__Nitrosopumilus sp013043295, 95.0, 86.0, 0.532; GCA_024644105.1, s__Nitrosopumilus sp024644105, 95.0, 85.9, 0.569; GCF_013407145.1, s__Nitrosopumilus cobalaminigenes, 95.0, 85.66, 0.585; GCA_024276695.1, s__Nitrosopumilus sp024276695, 95.0, 84.95, 0.5; GCA_029860565.1, s__Nitrosopumilus sp029860565, 95.0, 84.47, 0.329; GCF_000299395.1, s__Nitrosopumilus sediminis, 95.0, 84.4, 0.505; GCA_018674605.1, s__Nitrosopumilus sp018674605, 95.0, 84.15, 0.274; GCA_029863665.1, s__Nitrosopumilus sp029863665, 95.0, 84.11, 0.174; GCF_029882185.1, s__Nitrosopumilus sp029882185, 95.0, 83.94, 0.412; GCA_002788515.1, s__Nitrosopumilus sp002788515, 95.0, 83.91, 0.341; GCA_025699075.1, s__Nitrosopumilus sp025699075, 95.0, 83.88, 0.471; GCF_025699255.1, s__Nitrosopumilus sp025699255, 95.0, 83.85, 0.503; GCA_029255365.1, s__Nitrosopumilus sp029255365, 95.0, 83.83, 0.439; GCA_016784625.1, s__Nitrosopumilus sp016784625, 95.0, 83.75, 0.32; GCA_029861085.1, s__Nitrosopumilus sp029861085, 95.0, 83.48, 0.212; GCA_905616385.1, s__Nitrosopumilus sp905616385, 95.0, 83.13, 0.361; GCA_029941825.1, s__Nitrosopumilus sp029941825, 95.0, 83.0, 0.331; GCA_002730325.1, s__Nitrosopumilus sp002730325, 95.0, 82.92, 0.255; GCF_000242875.2, s__Nitrosopumilus salaria, 95.0, 82.91, 0.297; GCA_937896495.1, s__Nitrosopumilus sp937896495, 95.0, 82.88, 0.254; GCA_905612295.1, s__Nitrosopumilus sp905612295, 95.0, 82.73, 0.326; GCA_029880665.1, s__Nitrosopumilus sp029880665, 95.0, 82.72, 0.192; GCA_028377625.1, s__Nitrosopumilus sp028377625, 95.0, 82.71, 0.308; GCA_905612275.1, s__Nitrosopumilus sp905612275, 95.0, 82.58, 0.259; GCA_001510275.1, s__Nitrosopumilus sp001510275, 95.0, 82.52, 0.407; GCA_902514095.1, s__Nitrosopumilus sp902514095, 95.0, 82.52, 0.297; GCA_937897875.1, s__Nitrosopumilus sp937897875, 95.0, 82.47, 0.272; GCA_028335865.1, s__Nitrosopumilus sp028335865, 95.0, 82.41, 0.33; GCA_018668425.1, s__Nitrosopumilus sp018668425, 95.0, 82.4, 0.319; GCA_013867245.1, s__Nitrosopumilus sp013867245, 95.0, 82.36, 0.226; GCA_001437625.1, s__Nitrosopumilus sp001437625, 95.0, 82.32, 0.242; GCA_022565935.1, s__Nitrosopumilus sp022565935, 95.0, 82.29, 0.286; GCA_018657375.1, s__Nitrosopumilus sp018657375, 95.0, 82.29, 0.18; GCA_028448965.1, s__Nitrosopumilus sp028448965, 95.0, 82.28, 0.303; GCA_013911135.1, s__Nitrosopumilus sp013911135, 95.0, 82.2, 0.314; GCA_905612485.1, s__Nitrosopumilus sp905612485, 95.0, 82.2, 0.258; GCA_003702465.1, s__Nitrosopumilus sp003702465, 95.0, 82.1, 0.249; GCA_950073955.1, s__Nitrosopumilus sp950073955, 95.0, 82.02, 0.307; GCA_022564385.1, s__Nitrosopumilus sp022564385, 95.0, 82.0, 0.23; GCF_000956175.1, s__Nitrosopumilus adriaticus, 95.0, 81.98, 0.327; GCA_028343855.1, s__Nitrosopumilus sp028343855, 95.0, 81.94, 0.295; GCA_013215285.1, s__Nitrosopumilus sp013215285, 95.0, 81.83, 0.316; GCA_018263505.1, s__Nitrosopumilus sp018263505, 95.0, 81.76, 0.272; GCF_014078525.1, s__Nitrosopumilus sp014078525, 95.0, 81.75, 0.349; GCA_951812645.1, s__Nitrosopumilus sp951812645, 95.0, 81.75, 0.299; GCA_001543015.1, s__Nitrosopumilus sp001543015, 95.07, 81.64, 0.303; GCF_013407185.1, s__Nitrosopumilus ureiphilus, 95.0, 81.6, 0.305; GCA_028351415.1, s__Nitrosopumilus sp028351415, 95.0, 81.54, 0.243; GCF_025699125.1, s__Nitrosopumilus sp025699125, 95.0, 81.47, 0.269; GCA_013390905.1, s__Nitrosopumilus sp013390905, 95.0, 81.33, 0.303; GCA_029861345.1, s__Nitrosopumilus sp029861345, 95.0, 81.33, 0.184; GCF_006740685.1, s__Nitrosopumilus sp006740685, 95.0, 81.22, 0.29; GCA_029881195.1, s__Nitrosopumilus sp029881195, 95.0, 81.22, 0.201; GCA_002317795.1, s__Nitrosopumilus sp002317795, 95.0, 81.2, 0.294; GCA_902514275.1, s__Nitrosopumilus sp902514275, 95.0, 81.17, 0.239; GCA_028439825.1, s__Nitrosopumilus sp014384445, 95.0, 81.14, 0.274; GCA_021268355.1, s__Nitrosopumilus sp021268355, 95.0, 81.14, 0.2; GCA_003702545.1, s__Nitrosopumilus sp003702545, 95.0, 81.13, 0.261; GCF_001541925.1, s__Nitrosopumilus sp001541925, 95.0, 81.1, 0.242; GCA_003331425.1, s__Nitrosopumilus sp002690535, 95.0, 81.09, 0.295; GCA_029862745.1, s__Nitrosopumilus sp029862745, 95.0, 81.06, 0.265; GCA_016125975.1, s__Nitrosopumilus sp016125975, 95.0, 81.03, 0.232; GCA_022573895.1, s__Nitrosopumilus sp022573895, 95.0, 80.97, 0.224; GCA_029864805.1, s__Nitrosopumilus sp029864805, 95.0, 80.95, 0.23; GCF_025698945.1, s__Nitrosopumilus sp025698945, 95.0, 80.93, 0.261; GCF_025998175.1, s__Nitrosopumilus zosterae, 95.0, 80.91, 0.247; GCA_029864335.1, s__Nitrosopumilus sp029864335, 95.0, 80.89, 0.296; GCA_003702525.1, s__Nitrosopumilus sp003702525, 95.0, 80.89, 0.258; GCF_002156965.1, s__Nitrosopumilus catalinensis, 95.0, 80.83, 0.265; GCF_000018465.1, s__Nitrosopumilus maritimus, 95.0, 80.74, 0.25; GCA_028279625.1, s__Nitrosopumilus sp028279625, 95.0, 80.74, 0.224; GCA_029263475.1, s__Nitrosopumilus sp029263475, 95.0, 80.73, 0.202; GCA_003702495.1, s__Nitrosopumilus sp003702495, 95.0, 80.71, 0.249; GCA_000746765.1, s__Nitrosopumilus sp000746765, 95.0, 80.71, 0.23; GCA_014075315.1, s__Nitrosopumilus sp014075315, 95.0, 80.63, 0.213; GCF_000299365.1, s__Nitrosopumilus koreensis, 95.0, 80.59, 0.224; GCF_000875775.1, s__Nitrosopumilus piranensis, 95.0, 80.49, 0.239; GCA_022117465.1, s__Nitrosopumilus limneticus, 95.0, 80.37, 0.265; GCF_028278985.1, s__Nitrosopumilus sp028278985, 95.0, 79.63, 0.197; GCA_951812655.1, s__Nitrosopumilus sp951812655, 95.0, 78.83, 0.155	93.6	11	N/A	N/A
user_GCF_013407185.1	d__Archaea;p__Thermoproteota;c__Nitrososphaeria;o__Nitrososphaerales;f__Nitrosopumilaceae;g__Nitrosopumilus;s__Nitrosopumilus ureiphilus	GCF_013407185.1	95.0	d__Archaea;p__Thermoproteota;c__Nitrososphaeria;o__Nitrososphaerales;f__Nitrosopumilaceae;g__Nitrosopumilus;s__Nitrosopumilus ureiphilus	100.0	1.0	GCF_013407185.1	95.0	d__Archaea;p__Thermoproteota;c__Nitrososphaeria;o__Nitrososphaerales;f__Nitrosopumilaceae;g__Nitrosopumilus;s__Nitrosopumilus ureiphilus	100.0	1.0	d__Archaea;p__Thermoproteota;c__Nitrososphaeria;o__Nitrososphaerales;f__Nitrosopumilaceae;g__Nitrosopumilus;s__	taxonomic classification defined by topology and ANI	topological placement and ANI have congruent species assignments	GCA_029864335.1, s__Nitrosopumilus sp029864335, 95.0, 90.1, 0.56; GCA_029881195.1, s__Nitrosopumilus sp029881195, 95.0, 88.17, 0.568; GCA_029864805.1, s__Nitrosopumilus sp029864805, 95.0, 87.63, 0.461; GCF_000956175.1, s__Nitrosopumilus adriaticus, 95.0, 87.22, 0.543; GCF_014078525.1, s__Nitrosopumilus sp014078525, 95.0, 86.42, 0.552; GCF_025699125.1, s__Nitrosopumilus sp025699125, 95.0, 85.76, 0.523; GCF_025998175.1, s__Nitrosopumilus zosterae, 95.0, 85.55, 0.523; GCA_029863665.1, s__Nitrosopumilus sp029863665, 95.0, 84.97, 0.208; GCA_937875805.1, s__Nitrosopumilus sp937875805, 95.0, 84.43, 0.248; GCA_030637455.1, s__Nitrosopumilus sp030637455, 95.0, 83.88, 0.252; GCA_001510275.1, s__Nitrosopumilus sp001510275, 95.0, 83.6, 0.46; GCA_016784625.1, s__Nitrosopumilus sp016784625, 95.0, 83.51, 0.356; GCA_029941825.1, s__Nitrosopumilus sp029941825, 95.0, 83.51, 0.31; GCA_950073955.1, s__Nitrosopumilus sp950073955, 95.0, 83.49, 0.38; GCA_029860565.1, s__Nitrosopumilus sp029860565, 95.0, 83.3, 0.254; GCA_029880665.1, s__Nitrosopumilus sp029880665, 95.0, 83.29, 0.204; GCF_000242875.2, s__Nitrosopumilus salaria, 95.0, 83.16, 0.303; GCA_937896495.1, s__Nitrosopumilus sp937896495, 95.0, 83.04, 0.214; GCA_013911135.1, s__Nitrosopumilus sp013911135, 95.0, 82.94, 0.305; GCA_022565935.1, s__Nitrosopumilus sp022565935, 95.0, 82.91, 0.312; GCA_013043295.1, s__Nitrosopumilus sp013043295, 95.0, 82.72, 0.274; GCA_014384555.1, s__Nitrosopumilus sp014384555, 95.0, 82.68, 0.33; GCA_022564385.1, s__Nitrosopumilus sp022564385, 95.0, 82.66, 0.276; GCA_029861345.1, s__Nitrosopumilus sp029861345, 95.0, 82.55, 0.247; GCA_013390905.1, s__Nitrosopumilus sp013390905, 95.0, 82.51, 0.367; GCA_013203245.1, s__Nitrosopumilus sp013203245, 95.0, 82.51, 0.267; GCA_018674605.1, s__Nitrosopumilus sp018674605, 95.0, 82.46, 0.201; GCA_002730325.1, s__Nitrosopumilus sp002730325, 95.0, 82.36, 0.244; GCA_024644105.1, s__Nitrosopumilus sp024644105, 95.0, 82.34, 0.29; GCA_029250275.1, s__Nitrosopumilus sp029250275, 95.0, 82.32, 0.289; GCA_002788515.1, s__Nitrosopumilus sp002788515, 95.0, 82.25, 0.267; GCA_029861085.1, s__Nitrosopumilus sp029861085, 95.0, 82.23, 0.162; GCF_000299395.1, s__Nitrosopumilus sediminis, 95.0, 82.04, 0.295; GCA_013002265.1, s__Nitrosopumilus sp013002265, 95.0, 81.94, 0.186; GCA_024276695.1, s__Nitrosopumilus sp024276695, 95.0, 81.93, 0.274; GCA_013215285.1, s__Nitrosopumilus sp013215285, 95.0, 81.8, 0.31; GCA_905616385.1, s__Nitrosopumilus sp905616385, 95.0, 81.72, 0.25; GCF_013407145.1, s__Nitrosopumilus cobalaminigenes, 95.0, 81.71, 0.328; GCF_025699255.1, s__Nitrosopumilus sp025699255, 95.0, 81.68, 0.279; GCA_022573895.1, s__Nitrosopumilus sp022573895, 95.0, 81.67, 0.268; GCA_013867245.1, s__Nitrosopumilus sp013867245, 95.0, 81.64, 0.192; GCF_013407165.1, s__Nitrosopumilus oxyclinae, 95.0, 81.6, 0.305; GCA_003702545.1, s__Nitrosopumilus sp003702545, 95.0, 81.56, 0.255; GCA_018668425.1, s__Nitrosopumilus sp018668425, 95.0, 81.44, 0.292; GCA_000746765.1, s__Nitrosopumilus sp000746765, 95.0, 81.4, 0.253; GCA_029782475.1, s__Nitrosopumilus sp029782475, 95.0, 81.39, 0.231; GCA_001437625.1, s__Nitrosopumilus sp001437625, 95.0, 81.37, 0.185; GCA_020431995.1, s__Nitrosopumilus sp020431995, 95.0, 81.36, 0.17; GCA_025699075.1, s__Nitrosopumilus sp025699075, 95.0, 81.29, 0.243; GCA_028377625.1, s__Nitrosopumilus sp028377625, 95.0, 81.29, 0.24; GCA_001543015.1, s__Nitrosopumilus sp001543015, 95.07, 81.27, 0.234; GCF_029882185.1, s__Nitrosopumilus sp029882185, 95.0, 81.24, 0.253; GCA_028335865.1, s__Nitrosopumilus sp028335865, 95.0, 81.24, 0.202; GCA_902514095.1, s__Nitrosopumilus sp902514095, 95.0, 81.15, 0.186; GCA_002317795.1, s__Nitrosopumilus sp002317795, 95.0, 81.11, 0.234; GCA_905612485.1, s__Nitrosopumilus sp905612485, 95.0, 81.09, 0.186; GCA_003702495.1, s__Nitrosopumilus sp003702495, 95.0, 81.02, 0.231; GCF_006740685.1, s__Nitrosopumilus sp006740685, 95.0, 81.01, 0.284; GCF_025698945.1, s__Nitrosopumilus sp025698945, 95.0, 80.89, 0.241; GCA_902514275.1, s__Nitrosopumilus sp902514275, 95.0, 80.85, 0.197; GCA_016125975.1, s__Nitrosopumilus sp016125975, 95.0, 80.84, 0.218; GCA_003702525.1, s__Nitrosopumilus sp003702525, 95.0, 80.81, 0.259; GCA_905479565.1, s__Nitrosopumilus sp905479565, 95.0, 80.78, 0.243; GCA_029862745.1, s__Nitrosopumilus sp029862745, 95.0, 80.74, 0.225; GCA_018263505.1, s__Nitrosopumilus sp018263505, 95.0, 80.72, 0.221; GCA_028343855.1, s__Nitrosopumilus sp028343855, 95.0, 80.66, 0.204; GCA_937897875.1, s__Nitrosopumilus sp937897875, 95.0, 80.63, 0.201; GCF_000875775.1, s__Nitrosopumilus piranensis, 95.0, 80.57, 0.239; GCA_905612275.1, s__Nitrosopumilus sp905612275, 95.0, 80.57, 0.205; GCA_028279625.1, s__Nitrosopumilus sp028279625, 95.0, 80.56, 0.217; GCF_000018465.1, s__Nitrosopumilus maritimus, 95.0, 80.4, 0.244; GCA_003331425.1, s__Nitrosopumilus sp002690535, 95.0, 80.35, 0.194; GCF_000299365.1, s__Nitrosopumilus koreensis, 95.0, 80.32, 0.221; GCA_028448965.1, s__Nitrosopumilus sp028448965, 95.0, 80.28, 0.21; GCA_029255365.1, s__Nitrosopumilus sp029255365, 95.0, 80.2, 0.206; GCA_905612295.1, s__Nitrosopumilus sp905612295, 95.0, 80.14, 0.212; GCA_003702465.1, s__Nitrosopumilus sp003702465, 95.0, 80.07, 0.165; GCA_021268355.1, s__Nitrosopumilus sp021268355, 95.0, 80.06, 0.217; GCF_001541925.1, s__Nitrosopumilus sp001541925, 95.0, 79.91, 0.184; GCA_028439825.1, s__Nitrosopumilus sp014384445, 95.0, 79.87, 0.187; GCA_022117465.1, s__Nitrosopumilus limneticus, 95.0, 79.8, 0.17; GCA_028351415.1, s__Nitrosopumilus sp028351415, 95.0, 79.63, 0.165; GCF_028278985.1, s__Nitrosopumilus sp028278985, 95.0, 79.62, 0.189	93.64	11	N/A	N/A
user_GCF_030518575.1	d__Archaea;p__Thermoproteota;c__Nitrososphaeria;o__Nitrososphaerales;f__Nitrosopumilaceae;g__Nitrosotenuis;s__Nitrosotenuis chungbukensis	GCF_030518575.1	95.0	d__Archaea;p__Thermoproteota;c__Nitrososphaeria;o__Nitrososphaerales;f__Nitrosopumilaceae;g__Nitrosotenuis;s__Nitrosotenuis chungbukensis	100.0	1.0	GCF_030518575.1	95.0	d__Archaea;p__Thermoproteota;c__Nitrososphaeria;o__Nitrososphaerales;f__Nitrosopumilaceae;g__Nitrosotenuis;s__Nitrosotenuis chungbukensis	100.0	1.0	d__Archaea;p__Thermoproteota;c__Nitrososphaeria;o__Nitrososphaerales;f__Nitrosopumilaceae;g__Nitrosotenuis;s__	taxonomic classification defined by topology and ANI	topological placement and ANI have congruent species assignments	GCF_013407275.1, s__Nitrosotenuis sp013407275, 95.0, 94.09, 0.845; GCA_016215465.1, s__Nitrosotenuis sp016215465, 95.0, 88.28, 0.665; GCA_023252015.1, s__Nitrosotenuis sp023252015, 95.0, 85.7, 0.496; GCA_016844685.1, s__Nitrosotenuis sp016844685, 95.0, 85.42, 0.426; GCA_004322465.1, s__Nitrosotenuis sp004322465, 95.0, 83.88, 0.439	63.67	11	N/A	N/A
user_GCF_900176435.1	d__Archaea;p__Thermoplasmatota;c__Thermoplasmata;o__Thermoplasmatales;f__Thermoplasmataceae;g__Picrophilus;s__Picrophilus oshimae	GCF_900176435.1	95.0	d__Archaea;p__Thermoplasmatota;c__Thermoplasmata;o__Thermoplasmatales;f__Thermoplasmataceae;g__Picrophilus;s__Picrophilus oshimae	100.0	1.0	GCF_900176435.1	95.0	d__Archaea;p__Thermoplasmatota;c__Thermoplasmata;o__Thermoplasmatales;f__Thermoplasmataceae;g__Picrophilus;s__Picrophilus oshimae	100.0	1.0	d__Archaea;p__Thermoplasmatota;c__Thermoplasmata;o__Thermoplasmatales;f__Thermoplasmataceae;g__Picrophilus;s__	taxonomic classification defined by topology and ANI	topological placement and ANI have congruent species assignments	GCA_021826785.1, s__Picrophilus sp021826785, 95.0, 83.78, 0.277	93.18	11	N/A	N/A
