,t_sf2tc,scaledRI,gdgt23ratio,datatype
0,-1.6360167264938354,0.5099820144999999,1.5028385087391245,coretop
1,-1.5868539810180664,0.438075,2.8333333333333335,coretop
2,-1.6926417350769043,0.4109305265,1.8248318061950906,coretop
3,-1.4989100694656372,0.433342362,2.0663961506436106,coretop
4,-1.6511913537979126,0.44751755800000004,2.0406397844009057,coretop
5,-1.511354923248291,0.462775970625,1.9665956574957013,coretop
6,-1.6663100719451904,0.44091268824999996,2.0339672102161495,coretop
7,-1.7144100666046143,0.45069549,1.6465586190265664,coretop
8,-1.5981600284576416,0.4850053180000001,1.468105329463904,coretop
9,-1.3015336990356445,0.47588434225,2.0041396405650023,coretop
10,-1.7439600229263306,0.42903841275,1.9887897386429652,coretop
11,-1.5617101192474365,0.41527820375,2.1126833481964615,coretop
12,-1.6775100231170654,0.48186062025000004,2.5433914241954456,coretop
13,-1.5793099403381348,0.42737424475,3.2163124323306502,coretop
14,-1.5901416540145874,0.4655,2.2222222222222223,coretop
15,-1.7440115213394165,0.46585,1.9000000000000001,coretop
16,-1.4440399408340454,0.493710357,2.30058127955042,coretop
17,-1.5102978944778442,0.49897227375,2.1707317073170733,coretop
18,-1.5669549703598022,0.41765230525,2.786786788702829,coretop
19,-1.6234076023101807,0.439628223,2.980888469463878,coretop
20,-1.6015732288360596,0.463651327,2.06733206031611,coretop
21,-1.5727601051330566,0.45414513424999997,2.2557778315406765,coretop
22,-0.8413336277008057,0.439058859,1.7902462113647077,coretop
23,-1.306668996810913,0.42222793375,3.4327942268801404,coretop
24,-1.2298094034194946,0.473225,2.3703703703703702,coretop
25,-1.7067493200302124,0.442841046,3.480778780050713,coretop
26,-1.3608869314193726,0.470415545,2.537394873689205,coretop
27,-1.4269217252731323,0.51556303125,3.411111127850586,coretop
28,-1.4688308238983154,0.489825,3.766666666666666,coretop
29,-1.0620605945587158,0.450375,2.666666666666667,coretop
30,-1.6118074655532837,0.43077808975,3.1749314521645746,coretop
31,-1.7176644802093506,0.453475,3.5925925925925926,coretop
32,-1.7196258306503296,0.45467919824999997,2.7477836403419738,coretop
33,-1.6112598180770874,0.4107999845,3.7665947979461034,coretop
34,-1.3932260274887085,0.424725,6.017857142857142,coretop
35,-1.0153765678405762,0.394675,13.375,coretop
36,-1.2138491868972778,0.492325,1.7083333333333337,coretop
37,-1.342239499092102,0.41475,6.0,coretop
38,-1.3617897033691406,0.39057500000000006,6.666666666666666,coretop
39,-1.4364498853683472,0.3734,6.730769230769232,coretop
40,-1.41696298122406,0.369575,6.137931034482759,coretop
41,-1.5246407985687256,0.400325,1.7647058823529413,coretop
42,-1.0470426082611084,0.383325,8.16,coretop
43,-0.2637539803981781,0.4055,19.636363636363637,coretop
44,-1.5186412334442139,0.401925,4.739130434782608,coretop
45,-1.37356698513031,0.44365,2.813953488372093,coretop
46,-0.9906600117683411,0.42874999999999996,4.5,coretop
47,-1.1948492527008057,0.387775,9.368421052631579,coretop
48,-0.4236903488636017,0.5322,2.9130434782608696,coretop
49,-1.3008044958114624,0.426936711,1.6404665581531033,coretop
50,-1.2700916528701782,0.35725,8.434782608695652,coretop
51,-0.9825590252876282,0.43784999999999996,3.9285714285714284,coretop
52,-0.064888134598732,0.440875,2.238095238095238,coretop
53,-0.8783005475997925,0.41739999999999994,4.608148148148148,coretop
54,-1.4846899509429932,0.44650641175000005,1.5702688157651903,coretop
55,-0.3755050003528595,0.44106155275,1.8420081684525844,coretop
56,-1.2816600799560547,0.48725326050000006,1.2915039114300324,coretop
57,-1.4440267086029053,0.5490700057500001,1.6177248682271448,coretop
58,-1.0054079294204712,0.43979999999999997,4.7407407407407405,coretop
59,-0.6385653018951416,0.416375,4.392857142857143,coretop
60,-0.40940147638320923,0.36495,8.2,coretop
61,-1.138327956199646,0.517825,1.576923076923077,coretop
62,-0.49674952030181885,0.43871928024999995,2.785434228720428,coretop
63,-0.5684237480163574,0.45023147075,1.8503855460417995,coretop
64,-1.0190550088882446,0.53025,1.413793103448276,coretop
65,-1.38285493850708,0.46939376374999997,1.416437086396273,coretop
66,1.8905750513076782,0.46807499999999996,8.81578947368421,coretop
67,-1.214809536933899,0.3508,5.96,coretop
68,-0.5586223006248474,0.356375,7.608695652173914,coretop
69,-0.07920999825000763,0.45956374725,5.218661423947531,coretop
70,0.011800000444054604,0.43391610675000003,1.9925583893889554,coretop
71,-0.0112450011074543,0.44273610225,2.1343983568603617,coretop
72,-0.6193600296974182,0.53808409725,2.054837093182385,coretop
73,-0.8244243264198303,0.42947500000000005,6.515151515151515,coretop
74,-0.03625500202178955,0.42993385200000006,6.289593846287345,coretop
75,0.11640499532222748,0.44301210975,2.170731193483013,coretop
76,-1.3296825885772705,0.43014353425,4.311951386314871,coretop
77,-0.7162277698516846,0.361775,8.391304347826088,coretop
78,-0.4703575074672699,0.5511250000000001,2.235294117647059,coretop
79,-0.5282099843025208,0.45161772425,2.7986318054930104,coretop
80,-0.16104279458522797,0.43072499999999997,6.131578947368421,coretop
81,0.2580335736274719,0.4104375,8.586538461538462,coretop
82,-0.19160231947898865,0.42381250000000004,8.676724137931036,coretop
83,-0.5087600350379944,0.5342229567500001,2.4492861606072003,coretop
84,-0.2580898404121399,0.428548468,8.599845248901348,coretop
85,-1.1936575174331665,0.45925796975000005,4.679546601588204,coretop
86,0.2966049909591675,0.43957505199999997,8.494487108875704,coretop
87,-1.155140995979309,0.369925,8.391304347826088,coretop
88,0.2132139950990677,0.4081,8.691176470588236,coretop
89,2.478872299194336,0.445025,7.815789473684211,coretop
90,0.3754253387451172,0.44117979575,9.389062603232103,coretop
91,0.10174000263214111,0.45775005025,4.83491310220421,coretop
92,-1.0169600248336792,0.4482966485,4.906181591224,coretop
93,-0.8586600422859192,0.49687711575,1.8178839827194855,coretop
94,1.8850959539413452,0.43862500000000004,10.232142857142858,coretop
95,0.8321268558502197,0.419008723375,9.59492100556485,coretop
96,-0.15361380577087402,0.43945340400000005,5.624140253305544,coretop
97,0.27312782406806946,0.420278812,7.118360481125473,coretop
98,0.5899991989135742,0.42200000000000004,7.0,coretop
99,0.7287598252296448,0.410975,5.866666666666667,coretop
100,1.507118821144104,0.45082630075,10.474202002872467,coretop
101,2.9732184410095215,0.4304,10.564814814814813,coretop
102,0.38224780559539795,0.42668616924999997,9.3010280032983,coretop
103,-0.06431680172681808,0.43112500000000004,5.9,coretop
104,1.6415977478027344,0.42186250000000003,8.295454545454545,coretop
105,0.8353473544120789,0.42042500000000005,8.553571428571429,coretop
106,1.229645013809204,0.4426791195,8.617232290961992,coretop
107,0.8502349853515625,0.4330306875,8.034418920893021,coretop
108,-0.07405199110507965,0.4163,7.285714285714286,coretop
109,1.7521499395370483,0.39549999999999996,11.0,coretop
110,1.0877279043197632,0.38105,10.535714285714285,coretop
111,2.530945062637329,0.41475,10.333333333333334,coretop
112,-0.4162517488002777,0.36995,5.222222222222222,coretop
113,1.7676331996917725,0.416625,8.912037037037036,coretop
114,3.226749897003174,0.45575,6.333333333333333,coretop
115,1.023419976234436,0.4076,6.696969696969697,coretop
116,0.6815493106842041,0.3960375,8.214285714285714,coretop
117,5.692152976989746,0.42925,10.333333333333334,coretop
118,5.37975549697876,0.4148,8.102564102564104,coretop
119,5.897945404052734,0.39127500000000004,16.294117647058822,coretop
120,5.901815414428711,0.43775000000000003,7.333333333333333,coretop
121,-0.1359349936246872,0.372575,5.379310344827586,coretop
122,2.756580114364624,0.40205,11.148148148148147,coretop
123,6.187701225280762,0.427125,8.0,coretop
124,4.440306663513184,0.414925,5.0434782608695645,coretop
125,0.5975177884101868,0.4205,5.21875,coretop
126,2.049226760864258,0.436875,5.789473684210526,coretop
127,4.333113670349121,0.4535,9.732758620689655,coretop
128,6.719189643859863,0.42325,7.666666666666666,coretop
129,6.983923435211182,0.39199999999999996,6.5,coretop
130,5.368234634399414,0.43775,5.51063829787234,coretop
131,1.1175373792648315,0.44377500000000003,4.296296296296296,coretop
132,1.0933514833450317,0.4412,5.804347826086957,coretop
133,7.158450126647949,0.39025,7.0,coretop
134,1.3068337440490723,0.48269999999999996,10.807692307692308,coretop
135,1.5505259037017822,0.48385,4.538461538461538,coretop
136,0.5349305272102356,0.42705,6.46875,coretop
137,0.03284500539302826,0.42105,4.976190476190476,coretop
138,0.01872999779880047,0.3976,5.794117647058823,coretop
139,6.647439479827881,0.4165,11.333333333333334,coretop
140,7.3802595138549805,0.42900000000000005,6.0,coretop
141,-0.1031835749745369,0.49145,3.479166666666667,coretop
142,6.7081298828125,0.47925,8.25,coretop
143,6.467825889587402,0.44272500000000004,11.031249999999998,coretop
144,7.146251678466797,0.39675,7.75,coretop
145,7.448689937591553,0.39375,8.5,coretop
146,7.500399589538574,0.4135,7.25,coretop
147,0.3217070996761322,0.400175,4.9230769230769225,coretop
148,6.734109878540039,0.389975,12.59090909090909,coretop
149,7.905149936676025,0.38650000000000007,6.800000000000001,coretop
150,8.071757316589355,0.42364999999999997,9.432432432432432,coretop
151,7.089332580566406,0.46265,9.371212121212121,coretop
152,7.939189910888672,0.40049999999999997,5.333333333333333,coretop
153,7.887117385864258,0.37487499999999996,5.1,coretop
154,7.844621181488037,0.43175,3.833333333333333,coretop
155,2.4651145935058594,0.47489999999999993,3.091743119266055,coretop
156,7.396747589111328,0.4291,24.312499999999996,coretop
157,2.7767159938812256,0.441675,2.9459459459459456,coretop
158,9.677978515625,0.49725,12.5,coretop
159,6.9446492195129395,0.52125,8.333333333333334,coretop
160,9.417428970336914,0.467508561,6.941176021183245,coretop
161,6.757369041442871,0.44345,3.483870967741936,coretop
162,8.14160442352295,0.47440000000000004,9.30232558139535,coretop
163,10.066914558410645,0.51192659225,6.235827282410052,coretop
164,8.75281047821045,0.441625,6.844444444444445,coretop
165,6.868159770965576,0.450575,6.942857142857142,coretop
166,8.172024726867676,0.4757,7.472727272727273,coretop
167,7.360775470733643,0.4436,8.1875,coretop
168,5.028364181518555,0.459575,5.716981132075472,coretop
169,8.213441848754883,0.536475,6.533333333333333,coretop
170,7.468648433685303,0.42769999999999997,3.6666666666666665,coretop
171,7.212241172790527,0.4382,8.314285714285715,coretop
172,7.216104984283447,0.45355,7.457142857142857,coretop
173,10.918047904968262,0.5195,9.333333333333334,coretop
174,8.436829566955566,0.44865,7.749999999999999,coretop
175,9.018674850463867,0.50325,8.25,coretop
176,5.583951473236084,0.427475,8.032258064516128,coretop
177,5.7485198974609375,0.44994999999999996,6.153846153846154,coretop
178,9.137149810791016,0.49650000000000005,12.333333333333332,coretop
179,10.955728530883789,0.49375,10.333333333333334,coretop
180,9.52880573272705,0.5095000000000001,11.666666666666668,coretop
181,10.458688735961914,0.43855,7.715909090909091,coretop
182,10.39853286743164,0.45442499999999997,8.8,coretop
183,10.528974533081055,0.4565,8.5,coretop
184,10.924160957336426,0.483,11.0,coretop
185,11.96334457397461,0.50325,12.749999999999998,coretop
186,12.842702865600586,0.5225,11.0,coretop
187,10.969711303710938,0.4655,7.8,coretop
188,10.567408561706543,0.4585,6.2,coretop
189,10.1573486328125,0.506625,13.0,coretop
190,10.682214736938477,0.45725,4.166666666666667,coretop
191,10.486841201782227,0.519,13.0,coretop
192,10.166621208190918,0.4517125,6.778867102396514,coretop
193,8.902631759643555,0.45794999999999997,8.058823529411764,coretop
194,11.43741226196289,0.48510497825000004,6.047243851060331,coretop
195,13.426407814025879,0.47085,7.257142857142857,coretop
196,9.291425704956055,0.44669999999999993,6.374999999999999,coretop
197,11.150259971618652,0.446925,3.583333333333333,coretop
198,11.492386817932129,0.47195563925,5.291576431911289,coretop
199,13.353351593017578,0.4818,6.675,coretop
200,9.398418426513672,0.459975,7.131578947368421,coretop
201,11.313264846801758,0.45,2.714285714285714,coretop
202,8.76724624633789,0.4461,6.96875,coretop
203,9.008577346801758,0.42725,8.314285714285715,coretop
204,9.772014617919922,0.45,7.783783783783783,coretop
205,11.153914451599121,0.519,13.333333333333334,coretop
206,8.495298385620117,0.437525,4.870967741935484,coretop
207,9.724363327026367,0.463725,7.0,coretop
208,11.316181182861328,0.527,15.0,coretop
209,13.933664321899414,0.54825,11.75,coretop
210,8.442296028137207,0.47637500000000005,11.891891891891891,coretop
211,11.56696891784668,0.5670000000000001,15.666666666666666,coretop
212,10.120420455932617,0.457525,7.256410256410256,coretop
213,12.797576904296875,0.481375,6.6274509803921555,coretop
214,10.955707550048828,0.47142500000000004,6.92,coretop
215,10.297115325927734,0.46102499999999996,7.255813953488372,coretop
216,9.273998260498047,0.448475,6.874999999999999,coretop
217,12.158629417419434,0.49470896875000003,3.205257867642394,coretop
218,13.254944801330566,0.47812499999999997,7.0638297872340425,coretop
219,9.182351112365723,0.5514499999999999,2.576923076923077,coretop
220,12.610150337219238,0.515,13.25,coretop
221,12.703266143798828,0.47899193325,7.2932335212838275,coretop
222,13.28320026397705,0.53325,12.749999999999998,coretop
223,13.449454307556152,0.53175,12.5,coretop
224,13.440118789672852,0.52775,12.25,coretop
225,13.48694133758545,0.50875,11.75,coretop
226,14.850915908813477,0.54675,14.333333333333332,coretop
227,12.060929298400879,0.5051749999999999,10.499999999999998,coretop
228,14.193049430847168,0.5175000000000001,12.0,coretop
229,12.943568229675293,0.5176912286249999,3.5613977743154566,coretop
230,12.92697525024414,0.50094728275,3.116991916173826,coretop
231,13.683306694030762,0.4755,6.457627118644068,coretop
232,12.798049926757812,0.5122857905,2.6783754031290226,coretop
233,12.55007553100586,0.461687187,2.6042139913126,coretop
234,12.48584270477295,0.4889,5.969230769230769,coretop
235,13.929608345031738,0.51375,13.75,coretop
236,12.452704429626465,0.45475,5.968749999999999,coretop
237,13.887414932250977,0.5454249999999999,6.181818181818181,coretop
238,14.063096046447754,0.49125,13.0,coretop
239,15.989471435546875,0.471825,6.369565217391305,coretop
240,14.765372276306152,0.50205,6.365079365079365,coretop
241,12.94384765625,0.6106858447500001,3.060211296903883,coretop
242,14.529986381530762,0.4835,11.0,coretop
243,12.918131828308105,0.5420348209999999,3.7127227638323563,coretop
244,13.65160846710205,0.47307499999999997,4.512820512820514,coretop
245,13.374055862426758,0.46379033275,2.3979530350404863,coretop
246,15.121417999267578,0.503925,6.132352941176471,coretop
247,11.383026123046875,0.47175,4.11764705882353,coretop
248,17.124828338623047,0.500875,5.923076923076923,coretop
249,15.353582382202148,0.485375,4.844444444444445,coretop
250,17.490999221801758,0.48118333725000006,6.699999910558001,coretop
251,15.227014541625977,0.527,7.199999999999999,coretop
252,15.8318452835083,0.491525,5.4523809523809526,coretop
253,16.503177642822266,0.49984999999999996,5.790697674418604,coretop
254,17.361783981323242,0.504824516875,5.450708145255369,coretop
255,17.346820831298828,0.5672392755,6.9423078851383195,coretop
256,15.409710884094238,0.5285,10.5,coretop
257,15.449755668640137,0.47225,8.799999999999999,coretop
258,15.182474136352539,0.4879,4.6923076923076925,coretop
259,17.445068359375,0.5473297332500001,5.764705966378152,coretop
260,13.346667289733887,0.5620999999999999,2.518518518518518,coretop
261,15.813812255859375,0.523725,6.777777777777779,coretop
262,12.90015983581543,0.5197728995,4.819931453961947,coretop
263,16.224193572998047,0.50675,12.25,coretop
264,19.455835342407227,0.534225,6.475409836065573,coretop
265,16.348407745361328,0.526,5.939759036144578,coretop
266,17.56820297241211,0.557175,7.244186046511628,coretop
267,17.574697494506836,0.5802265726582465,7.645045476304446,coretop
268,15.81494140625,0.50975,8.333333333333334,coretop
269,15.216568946838379,0.5025641750000001,8.01060532195286,coretop
270,12.756871223449707,0.6097973051250001,4.124628116109604,coretop
271,12.500329971313477,0.673634162,3.5229440754213646,coretop
272,16.96611785888672,0.53725,9.166666666666666,coretop
273,18.471376419067383,0.542925,5.01923076923077,coretop
274,19.567337036132812,0.5492999999999999,5.8769230769230765,coretop
275,17.917078018188477,0.5440250000000001,2.972972972972973,coretop
276,19.12171745300293,0.566925,3.6052631578947367,coretop
277,16.94568634033203,0.5327250000000001,6.602272727272727,coretop
278,17.21576690673828,0.545,6.333333333333334,coretop
279,17.337276458740234,0.56425,17.0,coretop
280,18.081275939941406,0.3978,6.441558441558441,coretop
281,17.98674201965332,0.51892689225,7.80459781608046,coretop
282,18.025646209716797,0.55425,6.544444444444445,coretop
283,18.0554256439209,0.517275,6.448717948717949,coretop
284,18.324321746826172,0.534625,8.481481481481481,coretop
285,18.002395629882812,0.45275,6.972222222222222,coretop
286,17.147417068481445,0.556375,5.34,coretop
287,16.723129272460938,0.56375,4.101449275362318,coretop
288,16.0964298248291,0.5263,2.791666666666667,coretop
289,18.756282806396484,0.5599999999999999,7.581395348837209,coretop
290,17.65638542175293,0.461575,6.647435897435898,coretop
291,16.951757431030273,0.44195,6.338028169014084,coretop
292,19.435678482055664,0.54415,7.382352941176471,coretop
293,19.100502014160156,0.567425,8.85135135135135,coretop
294,16.634540557861328,0.435025,5.617647058823529,coretop
295,19.237024307250977,0.56595,9.36111111111111,coretop
296,17.933683395385742,0.4537,6.851351351351352,coretop
297,17.19906997680664,0.42155,5.957142857142857,coretop
298,19.779895782470703,0.55095,7.23943661971831,coretop
299,19.318347930908203,0.578075,9.24,coretop
300,17.82953453063965,0.45325000000000004,6.918918918918919,coretop
301,17.937366485595703,0.461075,6.75,coretop
302,17.50092887878418,0.42205,6.093333333333333,coretop
303,16.774457931518555,0.4306,6.219178082191781,coretop
304,13.950545310974121,0.42679999999999996,3.488372093023256,coretop
305,17.346406936645508,0.432675,6.013698630136987,coretop
306,15.932355880737305,0.361625,3.8125,coretop
307,14.003124237060547,0.44110000000000005,3.5217391304347823,coretop
308,20.345378875732422,0.54172702575,9.958471411476916,coretop
309,14.23414134979248,0.47562073225,6.939890665715265,coretop
310,20.355937957763672,0.58355,9.662337662337661,coretop
311,20.054973602294922,0.52147889775,7.493083518068841,coretop
312,19.645334243774414,0.60675,6.318584070796461,coretop
313,13.231110572814941,0.442225,3.677777777777778,coretop
314,18.084991455078125,0.47550000000000003,7.402439024390243,coretop
315,20.455896377563477,0.6225572561239473,6.643390878639534,coretop
316,20.596914291381836,0.5923749999999999,9.349805258033106,coretop
317,20.26043128967285,0.53304473275,9.074074674202937,coretop
318,20.866025924682617,0.5998749999999999,8.977011494252874,coretop
319,20.658912658691406,0.541170999,11.999637745013331,coretop
320,20.829143524169922,0.5829125,9.52211178334774,coretop
321,20.83020782470703,0.5847499999999999,8.930555555555555,coretop
322,20.82330894470215,0.57179225675,11.260892438973498,coretop
323,18.107336044311523,0.48335,7.30379746835443,coretop
324,14.58521842956543,0.3814,4.227272727272727,coretop
325,21.131921768188477,0.5839,9.607594936708859,coretop
326,17.138906478881836,0.47300000000000003,5.7534246575342465,coretop
327,21.25336265563965,0.5392113980000001,12.756319215508595,coretop
328,17.146759033203125,0.42579999999999996,6.885245901639344,coretop
329,18.01134490966797,0.45647499999999996,8.289855072463768,coretop
330,22.515743255615234,0.613275,9.021978021978022,coretop
331,21.94887924194336,0.608275,9.975308641975309,coretop
332,21.77379035949707,0.6173500000000001,9.035294117647057,coretop
333,21.565757751464844,0.5404990235000001,8.569181908328058,coretop
334,18.270244598388672,0.4578,8.955223880597014,coretop
335,13.017441749572754,0.414825,3.4807692307692313,coretop
336,22.805509567260742,0.618825,8.646464646464645,coretop
337,22.98199462890625,0.6422500000000001,7.219298245614035,coretop
338,23.19180679321289,0.6088749999999999,7.428571428571428,coretop
339,22.84481430053711,0.6253249999999999,6.2155172413793105,coretop
340,22.028181076049805,0.641975,4.225806451612903,coretop
341,17.399715423583984,0.58439853025,6.887995926829756,coretop
342,23.94562339782715,0.57785085125,5.872577398832406,coretop
343,22.86269187927246,0.5375000000000001,11.0,coretop
344,24.55954360961914,0.54,10.0,coretop
345,24.21853256225586,0.5700000000000001,4.5,coretop
346,24.94901466369629,0.5925,11.0,coretop
347,23.592605590820312,0.5787500000000001,4.0,coretop
348,24.190528869628906,0.57125,6.75,coretop
349,24.640117645263672,0.5850000000000001,10.0,coretop
350,21.085548400878906,0.54,3.75,coretop
351,23.369905471801758,0.61625,3.5,coretop
352,23.242660522460938,0.5800000000000001,4.0,coretop
353,24.44059944152832,0.5788585212499999,11.198197803161516,coretop
354,22.616392135620117,0.5225,4.5,coretop
355,21.75328826904297,0.5925,3.0,coretop
356,24.26705551147461,0.619575053875,9.066411906016198,coretop
357,22.528135299682617,0.5650000000000001,4.0,coretop
358,15.605133056640625,0.586525,3.0270270270270268,coretop
359,24.091995239257812,0.595,3.0,coretop
360,24.390933990478516,0.5650000000000001,4.0,coretop
361,22.689746856689453,0.6025,4.5,coretop
362,22.971891403198242,0.5525,11.0,coretop
363,23.080629348754883,0.5525,7.000000000000001,coretop
364,24.737333297729492,0.595,4.0,coretop
365,25.017536163330078,0.6,4.5,coretop
366,24.032672882080078,0.6275000000000001,4.0,coretop
367,22.501386642456055,0.5825,9.0,coretop
368,22.8579044342041,0.5775000000000001,10.0,coretop
369,23.012422561645508,0.6825,4.0,coretop
370,19.766502380371094,0.540225,10.764705882352942,coretop
371,25.0869083404541,0.63625,2.916666666666667,coretop
372,23.447019577026367,0.609175,7.649122807017544,coretop
373,25.372621536254883,0.635,2.3333333333333335,coretop
374,25.42196273803711,0.5675000000000001,4.0,coretop
375,22.916227340698242,0.5625,9.0,coretop
376,23.25540542602539,0.55,10.0,coretop
377,23.46684455871582,0.5525,9.0,coretop
378,24.84227752685547,0.63585,6.456896551724138,coretop
379,24.869585037231445,0.6286250000000001,8.096153846153847,coretop
380,20.021085739135742,0.547125,12.344827586206897,coretop
381,25.837297439575195,0.68603094625,4.703345212610555,coretop
382,25.692039489746094,0.56968945125,8.834094555482027,coretop
383,23.069435119628906,0.593675,5.201117318435754,coretop
384,25.097270965576172,0.6892177569999999,5.182126171525065,coretop
385,25.141874313354492,0.66411307725,6.961537156353015,coretop
386,24.92332649230957,0.685292412625,4.694896796009104,coretop
387,25.04413604736328,0.6950686365000001,5.517447223593176,coretop
388,25.704952239990234,0.675009549,4.074306698182897,coretop
389,25.80145835876465,0.676111519,6.0667940659351896,coretop
390,25.874004364013672,0.6464074395,6.714308672652515,coretop
391,26.0718994140625,0.725593581,3.4235898453308753,coretop
392,25.75518035888672,0.6981089505,4.153364229321814,coretop
393,26.54453468322754,0.7083786467500001,3.401517202667602,coretop
394,25.48251724243164,0.68751111825,5.090633078016711,coretop
395,25.417585372924805,0.556556358,8.622397586836078,coretop
396,25.400226593017578,0.7369009945,2.825309528549847,coretop
397,26.469663619995117,0.7333780985,2.470183746725759,coretop
398,17.823776245117188,0.607675,5.144329896907216,coretop
399,26.785860061645508,0.7473696630000001,2.597824169191599,coretop
400,24.66192054748535,0.71137680975,4.892505796980565,coretop
401,24.618112564086914,0.666956572,7.4558868391496,coretop
402,26.529945373535156,0.64398846125,7.372500289966116,coretop
403,26.583648681640625,0.663117762,7.052982510410037,coretop
404,25.891788482666016,0.6937190340000001,4.393979405628718,coretop
405,25.998504638671875,0.66203464225,5.634982923906476,coretop
406,26.358266830444336,0.654535439,7.083761590811366,coretop
407,25.893091201782227,0.7191824124999999,2.798414733731075,coretop
408,26.38028907775879,0.65950689225,6.294774976880444,coretop
409,26.016719818115234,0.7273175192499999,2.4724248269833393,coretop
410,17.40541648864746,0.6344484237500001,3.3951608998726464,coretop
411,21.520309448242188,0.588525,5.99,coretop
412,26.153873443603516,0.71286896475,2.2263907871669426,coretop
413,26.298948287963867,0.672754123,6.0845249272054485,coretop
414,20.750917434692383,0.515275,12.019607843137255,coretop
415,21.440629959106445,0.564375,7.206896551724139,coretop
416,21.266735076904297,0.528875,5.7857142857142865,coretop
417,18.56494903564453,0.630575,3.1960784313725483,coretop
418,19.203205108642578,0.646189788125,3.5552684114965345,coretop
419,18.134519577026367,0.657450746,3.1485364301981966,coretop
420,23.863367080688477,0.7301,7.893805309734514,coretop
421,26.605770111083984,0.670825,5.277027027027027,coretop
422,25.506044387817383,0.64841395475,4.755945534852074,coretop
423,25.158485412597656,0.63680893,4.663300393050651,coretop
424,25.20125389099121,0.6316725665,4.5470426379399305,coretop
425,24.632511138916016,0.6477973965,4.411889342962876,coretop
426,24.55344581604004,0.6634386352499999,4.702128113801431,coretop
427,24.914846420288086,0.6785249999999999,6.228813559322034,coretop
428,26.3405818939209,0.6469742835000001,5.586085822949669,coretop
429,26.10796546936035,0.6588070687500001,4.893458185867173,coretop
430,25.680992126464844,0.6526517814999999,4.415400476728462,coretop
431,26.127490997314453,0.689025,4.263257412978083,coretop
432,25.107807159423828,0.6672447189999999,3.750882878454786,coretop
433,24.96695899963379,0.6681,3.7127071823204414,coretop
434,24.88688850402832,0.5721,12.080645161290322,coretop
435,24.099407196044922,0.544025,13.072727272727274,coretop
436,24.85223388671875,0.570025,8.48,coretop
437,26.529281616210938,0.66146729225,4.8532892761567,coretop
438,25.116430282592773,0.6708750000000001,3.692307692307692,coretop
439,24.666912078857422,0.6352625000000001,8.419551020408164,coretop
440,24.760324478149414,0.61735,10.892857142857144,coretop
441,24.697288513183594,0.6332,5.235714285714286,coretop
442,24.590045928955078,0.684411561,3.873458225484527,coretop
443,25.871017456054688,0.6742664015000001,4.0615200994470095,coretop
444,25.239456176757812,0.47675890499999996,8.876363316804879,coretop
445,25.847890853881836,0.6725434262500001,4.63645157933548,coretop
446,24.65683937072754,0.6320250000000001,7.0365546218487385,coretop
447,23.311552047729492,0.56825,17.25,coretop
448,25.084474563598633,0.6366999999999999,6.844036697247707,coretop
449,25.042890548706055,0.6428999999999999,4.7025316455696204,coretop
450,25.86790657043457,0.6850441465,4.33655073621538,coretop
451,27.82703399658203,0.7325457055,3.1650422585237004,coretop
452,24.961627960205078,0.646275,5.503649635036496,coretop
453,25.809539794921875,0.6542250000000001,4.294117647058823,coretop
454,25.679922103881836,0.58465,4.5,coretop
455,27.69786834716797,0.7110391645,3.3243396947660893,coretop
456,25.988309860229492,0.6235452515,5.7424617559994395,coretop
457,25.92920684814453,0.642702537,5.815080141638385,coretop
458,25.3900146484375,0.56135,6.071428571428571,coretop
459,22.977434158325195,0.5565,9.166666666666666,coretop
460,26.243635177612305,0.6401376587500001,5.409366252806016,coretop
461,26.15814971923828,0.6477837,5.725383355001114,coretop
462,26.78573226928711,0.74196434925,2.885063198443552,coretop
463,24.340370178222656,0.62725,4.6473988439306355,coretop
464,26.305307388305664,0.70855641875,4.4380711170714005,coretop
465,25.533544540405273,0.5670000000000001,18.057142857142857,coretop
466,26.346389770507812,0.72884248075,3.681411602342179,coretop
467,28.083049774169922,0.728531012,3.1369036720345997,coretop
468,22.471942901611328,0.5659686235,10.681271300946449,coretop
469,25.55338478088379,0.5548749999999999,12.366666666666667,coretop
470,25.113794326782227,0.7387250000000001,6.392156862745097,coretop
471,24.811695098876953,0.599225,6.135338345864662,coretop
472,27.747331619262695,0.67702397325,5.555156918474408,coretop
473,23.248985290527344,0.557,15.5,coretop
474,21.319408416748047,0.6416311472499999,4.882710064971028,coretop
475,21.16569709777832,0.56222832275,8.430655187703637,coretop
476,22.093158721923828,0.62578373575,4.409615406703336,coretop
477,26.355873107910156,0.579425,10.06172839506173,coretop
478,25.05078887939453,0.611925,5.154929577464788,coretop
479,20.624900817871094,0.6068543045,6.868635299205462,coretop
480,26.363248825073242,0.6525000000000001,7.444444444444444,coretop
481,22.381072998046875,0.5785,9.833333333333332,coretop
482,24.283275604248047,0.5699000000000001,7.431818181818182,coretop
483,26.274002075195312,0.658775,6.887999999999999,coretop
484,22.520248413085938,0.5854014205,13.185451487252486,coretop
485,27.44750213623047,0.7094540882499999,5.256983240223464,coretop
486,27.43008804321289,0.70852059225,5.827224140571853,coretop
487,22.614927291870117,0.6082389687499999,6.656816979721705,coretop
488,26.023115158081055,0.5871250000000001,10.180555555555557,coretop
489,27.460613250732422,0.7179010505,5.181919612839666,coretop
490,26.582124710083008,0.742601729,2.971226231969608,coretop
491,26.29254150390625,0.6157,7.466019417475728,coretop
492,27.247007369995117,0.6834368932500001,5.753110580294932,coretop
493,26.847898483276367,0.6643249999999999,6.72,coretop
494,22.522260665893555,0.5943918545,11.77786864617966,coretop
495,27.579654693603516,0.715937988,4.795758288607463,coretop
496,28.706348419189453,0.7201032002500001,5.4206162346062365,coretop
497,28.683177947998047,0.7066300732499999,5.5,coretop
498,27.10146141052246,0.81507936325,2.9480990598911414,coretop
499,26.759498596191406,0.676234590125,16.65850426535549,coretop
500,28.780427932739258,0.7138258652499999,5.064638570004975,coretop
501,28.794357299804688,0.75849661425,3.5898942667064047,coretop
502,26.69188117980957,0.7000000000000001,9.571428571428571,coretop
503,22.115474700927734,0.6135349087499999,35.072441830778935,coretop
504,27.660058975219727,0.72302385075,4.496736428954666,coretop
505,25.916404724121094,0.67675,10.5,coretop
506,23.950448989868164,0.640005445,8.247682899842887,coretop
507,22.181684494018555,0.600080076,10.965184621526676,coretop
508,23.759248733520508,0.5826676115,9.82746556735893,coretop
509,25.0006160736084,0.60515,9.657894736842106,coretop
510,27.91537857055664,0.6941097857499999,4.508908805240806,coretop
511,26.60238265991211,0.6716125,6.568229166666667,coretop
512,26.592021942138672,0.6296250000000001,6.430894308943089,coretop
513,26.623510360717773,0.6714749999999999,6.523076923076923,coretop
514,26.650524139404297,0.6681999999999999,6.644628099173554,coretop
515,26.681900024414062,0.6771,6.56,coretop
516,26.714675903320312,0.67424044475,19.095765075415407,coretop
517,26.794679641723633,0.674775,6.581196581196581,coretop
518,26.804269790649414,0.651223645875,10.817996209717686,coretop
519,26.806623458862305,0.6555750000000001,6.974137931034483,coretop
520,24.099437713623047,0.63742764025,8.332256538348158,coretop
521,24.6810245513916,0.62291886975,9.36409071258756,coretop
522,21.87811851501465,0.5942135245,12.665277894827426,coretop
523,22.331340789794922,0.577532427,13.555251228198946,coretop
524,22.787691116333008,0.69625,9.428571428571429,coretop
525,25.073694229125977,0.5915,9.0125,coretop
526,25.178226470947266,0.59945,7.365384615384616,coretop
527,26.94796371459961,0.6062565674999999,7.3450439614001075,coretop
528,28.56910514831543,0.6938748155000001,5.368834127769726,coretop
529,28.591266632080078,0.735274749125,4.331997257168975,coretop
530,25.252933502197266,0.58399001475,9.67586987303246,coretop
531,27.93222999572754,0.796844781,2.033409329373845,coretop
532,24.415019989013672,0.58175,12.2,coretop
533,27.601213455200195,0.819475,1.4250936329588015,coretop
534,26.19619369506836,0.590225,9.897435897435898,coretop
535,26.259593963623047,0.5869500000000001,9.378048780487804,coretop
536,26.19516944885254,0.5799,9.780487804878048,coretop
537,27.622323989868164,0.72091508275,3.113043784582588,coretop
538,26.40479278564453,0.770875,1.7388663967611337,coretop
539,24.706817626953125,0.61095396625,8.227697659105184,coretop
540,25.513870239257812,0.641275,4.593548387096774,coretop
541,26.06202507019043,0.7144382950000001,3.211680195127421,coretop
542,25.630577087402344,0.623525,6.834645669291339,coretop
543,25.616676330566406,0.627425,7.192307692307693,coretop
544,27.012624740600586,0.6049249999999999,7.352941176470588,coretop
545,25.81536102294922,0.6366499999999999,6.6347826086956525,coretop
546,24.441118240356445,0.6110814295,7.920217890335363,coretop
547,25.690818786621094,0.610025,5.942773600668337,coretop
548,25.8391170501709,0.6298,7.008849557522125,coretop
549,25.75381088256836,0.57375,10.5,coretop
550,25.859949111938477,0.604625,6.1063829787234045,coretop
551,25.347455978393555,0.5993999999999999,7.891089108910891,coretop
552,25.94095230102539,0.521544502,4.295496588580723,coretop
553,24.675582885742188,0.597325,5.733766233766234,coretop
554,24.29084014892578,0.638592904,6.376891449429879,coretop
555,26.579030990600586,0.670461601,5.5565738367197035,coretop
556,24.438283920288086,0.6513727414999999,6.577046169901405,coretop
557,24.9298095703125,0.6348898040000001,8.122422100703236,coretop
558,26.85453987121582,0.63559716825,5.956965366368715,coretop
559,27.038726806640625,0.8049999999999999,4.8,coretop
560,27.126916885375977,0.7867500000000001,5.4423076923076925,coretop
561,25.100074768066406,0.62596354,9.60144815812205,coretop
562,25.45296287536621,0.65169515575,6.462128831643191,coretop
563,25.672658920288086,0.6425625685,7.885266986204693,coretop
564,26.777196884155273,0.58242453225,13.150563699854949,coretop
565,24.565914154052734,0.65461201825,6.499527318958923,coretop
566,26.2987060546875,0.6558309195,4.64687040277291,coretop
567,26.735925674438477,0.7532749999999999,5.542253521126761,coretop
568,27.00140953063965,0.77875,5.461538461538462,coretop
569,27.586389541625977,0.7765,4.25,coretop
570,25.365184783935547,0.650440894,6.30978743102359,coretop
571,24.80682945251465,0.7079746477500001,4.338144092623353,coretop
572,24.617088317871094,0.62197881025,10.841212645845548,coretop
573,26.648820877075195,0.5825,8.428571428571429,coretop
574,26.48130226135254,0.5687,9.364705882352942,coretop
575,26.179107666015625,0.6069625000000001,5.66263440860215,coretop
576,26.807161331176758,0.695525,8.204081632653061,coretop
577,26.53582000732422,0.52191499175,16.19491954617561,coretop
578,26.11635971069336,0.57655,10.608108108108107,coretop
579,26.408388137817383,0.6695446425,6.764266396153228,coretop
580,25.331525802612305,0.6329470934999999,5.169197842556995,coretop
581,26.719167709350586,0.6699854322500001,6.864875964195313,coretop
582,26.433130264282227,0.6655359562500001,7.407355862746209,coretop
583,28.125755310058594,0.741,7.7,coretop
584,25.411930084228516,0.50718826825,8.97433273622545,coretop
585,27.27337074279785,0.7470000000000001,6.363636363636364,coretop
586,23.902408599853516,0.7359,3.9535864978902957,coretop
587,23.553361892700195,0.6171375,7.910009182736456,coretop
588,25.6666202545166,0.6118307119999999,13.008161897958658,coretop
589,24.532503128051758,0.68825,4.252172325666302,coretop
590,24.920005798339844,0.6651,5.505633473585788,coretop
591,24.299314498901367,0.6569625000000001,6.325520833333332,coretop
592,23.047260284423828,0.6149,6.6299212598425195,coretop
593,28.0008602142334,0.698,8.777777777777779,coretop
594,27.96329116821289,0.7410000000000001,8.0,coretop
595,25.913799285888672,0.6643846555,8.985490724393046,coretop
596,25.064048767089844,0.5706093365,14.461146044466398,coretop
597,27.82529640197754,0.72175,8.444444444444445,coretop
598,25.112314224243164,0.5372035184999999,13.03601182256187,coretop
599,24.84968376159668,0.60012015675,13.47090812533586,coretop
600,27.1506290435791,0.7089369320000001,3.9467626348499225,coretop
601,25.574047088623047,0.67366326725,9.091812486830428,coretop
602,25.30297088623047,0.6408426115,11.891086086425615,coretop
603,27.575742721557617,0.6152579,6.193014097046547,coretop
604,27.342924118041992,0.5773679435000001,6.542663766629586,coretop
605,27.5053768157959,0.57900738975,6.50652894555531,coretop
606,27.633895874023438,0.57393677125,6.591027155650838,coretop
607,27.811376571655273,0.6599916972500001,8.950918320383355,coretop
608,24.67348289489746,0.6229668455,17.01324992918016,coretop
609,24.897966384887695,0.564325,7.454545454545454,coretop
610,27.780115127563477,0.60210491575,10.425003627422907,coretop
611,24.710092544555664,0.56705,6.648648648648649,coretop
612,27.694772720336914,0.627192852,7.368343209103261,coretop
613,25.560026168823242,0.6501222525000001,11.60640970459576,coretop
614,24.79559326171875,0.61248141225,14.283895250241631,coretop
615,26.51852798461914,0.6974500000000001,6.263999999999999,coretop
616,24.87371826171875,0.6261829827500001,14.472167165548807,coretop
617,24.80084991455078,0.5933026145,12.5087063693592,coretop
618,24.94035530090332,0.638346836,15.328131889592724,coretop
619,23.845834732055664,0.59525,5.790909090909092,coretop
620,23.586294174194336,0.6030499999999999,4.020833333333333,coretop
621,26.582210540771484,0.6889500000000001,6.973913043478261,coretop
622,26.735612869262695,0.6955,8.5,coretop
623,25.3148250579834,0.5979810517499999,14.485475231855915,coretop
624,26.456575393676758,0.7165,7.5,coretop
625,25.48055648803711,0.580367431,13.54532178170592,coretop
626,27.005891799926758,0.703475,6.620689655172414,coretop
627,25.095462799072266,0.6379186385,11.66904098739003,coretop
628,26.921964645385742,0.70725,6.5,coretop
629,22.190702438354492,0.5370395244999999,13.277415450546687,coretop
630,24.389680862426758,0.6209340059999999,15.34935633211795,coretop
631,23.101869583129883,0.6218532769999999,7.678257589605656,coretop
632,23.780820846557617,0.5666000000000001,7.89010989010989,coretop
633,23.580663681030273,0.56795,6.782178217821783,coretop
634,23.340158462524414,0.595375,4.40794930875576,coretop
635,24.023740768432617,0.561875,7.863636363636363,coretop
636,27.948205947875977,0.806025,4.247368421052632,coretop
637,25.320703506469727,0.628160583,12.510460345396462,coretop
638,25.80681800842285,0.7201,5.179856115107913,coretop
639,26.923145294189453,0.71625,7.727272727272728,coretop
640,27.489164352416992,0.59335447725,10.323184450575512,coretop
641,27.639432907104492,0.74275,8.444444444444445,coretop
642,26.9967041015625,0.7342500000000001,7.7,coretop
643,27.327796936035156,0.630317493,10.004616123356447,coretop
644,27.031204223632812,0.7025,7.8,coretop
645,27.101966857910156,0.7050000000000001,6.636363636363637,coretop
646,27.369876861572266,0.7632832585,5.750947549081719,coretop
647,22.638111114501953,0.611,2.7267080745341614,coretop
648,26.773353576660156,0.691075,6.959999999999999,coretop
649,28.76580047607422,0.823325,5.041025641025641,coretop
650,26.791322708129883,0.70075,7.909090909090909,coretop
651,26.318706512451172,0.6253953779999999,8.757648721688062,coretop
652,26.351667404174805,0.744,8.0,coretop
653,26.39467430114746,0.7357499999999999,7.000000000000001,coretop
654,28.740482330322266,0.7969125000000001,3.748283617424242,coretop
655,26.5347900390625,0.7150000000000001,2.5,coretop
656,26.346223831176758,0.72,3.0,coretop
657,26.5861759185791,0.7106750000000001,7.4495412844036695,coretop
658,26.054426193237305,0.63677545775,7.7393777854416905,coretop
659,26.327220916748047,0.715149802625,2.464275494955329,coretop
660,26.515708923339844,0.7175,3.5000000000000004,coretop
661,26.350988388061523,0.64177296025,5.368852054023884,coretop
662,26.534822463989258,0.7192500000000001,7.7777777777777795,coretop
663,26.528627395629883,0.7030000000000001,8.11111111111111,coretop
664,25.938796997070312,0.62943691175,7.210027463863028,coretop
665,26.563507080078125,0.6794434755000001,6.668751525952178,coretop
666,25.858659744262695,0.7077499999999999,7.166666666666666,coretop
667,21.626367568969727,0.57096565925,6.598275803686869,coretop
668,28.530622482299805,0.8314999999999999,5.526881720430108,coretop
669,26.349470138549805,0.7075,3.5000000000000004,coretop
670,26.436492919921875,0.6725000000000001,4.0,coretop
671,26.211097717285156,0.71725,7.3,coretop
672,26.391422271728516,0.6925,4.0,coretop
673,25.55186653137207,0.6740576442499999,6.775155233173292,coretop
674,25.87657356262207,0.72125,5.923076923076923,coretop
675,28.11899757385254,0.842125,5.237113402061856,coretop
676,26.15854263305664,0.7075,3.5000000000000004,coretop
677,26.278778076171875,0.6617500000000001,3.714285714285714,coretop
678,25.999910354614258,0.6825000000000001,4.0,coretop
679,25.859729766845703,0.66894168925,5.358621459110423,coretop
680,25.845603942871094,0.63076231475,8.002910390322258,coretop
681,20.649084091186523,0.58597952025,6.244865769190847,coretop
682,28.59871482849121,0.835125,5.090047393364928,coretop
683,25.731815338134766,0.75875,4.5,coretop
684,25.792118072509766,0.61556467775,7.756668032839587,coretop
685,25.4292049407959,0.6936999999999999,6.454545454545455,coretop
686,25.997644424438477,0.7465,5.416666666666667,coretop
687,28.500064849853516,0.8366,4.670995670995671,coretop
688,25.7758846282959,0.72,3.0,coretop
689,25.822927474975586,0.71875,2.75,coretop
690,25.562536239624023,0.5740000000000001,7.133333333333334,coretop
691,20.552404403686523,0.585243505,5.57814749576913,coretop
692,28.386568069458008,0.8442500000000001,4.8798076923076925,coretop
693,25.48341178894043,0.6698736775,6.837720001156572,coretop
694,28.371015548706055,0.818475,5.159663865546219,coretop
695,25.68557357788086,0.663,3.0909090909090913,coretop
696,25.617435455322266,0.625,2.666666666666667,coretop
697,25.64061737060547,0.6765348959999999,6.293407230076324,coretop
698,25.998489379882812,0.74575,5.818181818181818,coretop
699,26.13595199584961,0.6283833435,7.3383098771085296,coretop
700,25.290430068969727,0.7050000000000001,2.5,coretop
701,20.967464447021484,0.56804012325,15.55849844352007,coretop
702,20.317176818847656,0.57182016975,6.616089412891527,coretop
703,24.907140731811523,0.6312500000000001,2.941176470588235,coretop
704,24.996753692626953,0.6502500000000001,3.0,coretop
705,26.154245376586914,0.71525,5.833333333333334,coretop
706,24.83024787902832,0.7315634110000001,2.277253011224277,coretop
707,24.970434188842773,0.7114605595000001,2.7858375831438495,coretop
708,19.163921356201172,0.59106295625,5.345147725468827,coretop
709,25.014080047607422,0.6070000000000001,3.0,coretop
710,24.883474349975586,0.657,3.0625,coretop
711,24.650896072387695,0.661896277125,2.810355532380661,coretop
712,25.440811157226562,0.7500000000000001,5.75,coretop
713,27.864681243896484,0.8238749999999999,5.2923728813559325,coretop
714,24.823345184326172,0.6091249999999999,3.166666666666667,coretop
715,24.982879638671875,0.63675,2.5999999999999996,coretop
716,24.661022186279297,0.6095,3.357142857142857,coretop
717,24.385526657104492,0.6856770605,2.538626729115802,coretop
718,24.496450424194336,0.62275,3.0434782608695654,coretop
719,24.357376098632812,0.6105,3.1874999999999996,coretop
720,24.605419158935547,0.66742678825,2.232102676851848,coretop
721,25.436317443847656,0.7150000000000001,7.090909090909092,coretop
722,19.279972076416016,0.59064032425,6.687372612584379,coretop
723,26.61172103881836,0.6978749860000001,5.3181816205264525,coretop
724,24.262300491333008,0.63675,2.789473684210526,coretop
725,24.414386749267578,0.645798074625,2.34863369661694,coretop
726,24.546836853027344,0.6263840439999999,2.3519060320697736,coretop
727,26.712663650512695,0.7418275747499999,4.961538467360946,coretop
728,26.602895736694336,0.7827387195,4.581395400171445,coretop
729,24.517202377319336,0.61,2.954545454545455,coretop
730,25.555971145629883,0.6423446809999999,5.653374907925638,coretop
731,27.64812469482422,0.836775,4.977876106194691,coretop
732,26.8287353515625,0.7524407665,4.909909904456457,coretop
733,26.73784828186035,0.812395072,4.794225761590571,coretop
734,27.310182571411133,0.7673233959999999,4.096635880792526,coretop
735,25.13285255432129,0.68605857775,2.467021545855338,coretop
736,26.906383514404297,0.8376344088750001,4.1831530686493625,coretop
737,27.27794075012207,0.7930175665,4.030906836444558,coretop
738,27.227994918823242,0.792233132,4.11987401622446,coretop
739,27.190631866455078,0.835520526,3.7554970430546986,coretop
740,27.30712127685547,0.833475,4.707627118644068,coretop
741,27.19535255432129,0.8157343215,3.8253792748559086,coretop
742,27.10609245300293,0.81659477075,3.0323308213976845,coretop
743,27.035226821899414,0.814359814375,2.9936680791001464,coretop
744,20.17507553100586,0.59185478375,8.872799918398334,coretop
745,27.115234375,0.84294706975,3.203445448550518,coretop
746,27.062332153320312,0.805333943625,3.2168795606267966,coretop
747,27.01371955871582,0.80801787225,3.531187437175308,coretop
748,26.827713012695312,0.8251999999999999,5.316279069767442,coretop
749,26.94844627380371,0.8194750000000001,5.634146341463414,coretop
750,26.96030616760254,0.7970951070000001,3.1651038715782587,coretop
751,25.07056427001953,0.68771333875,4.806137478004907,coretop
752,26.96656036376953,0.7513547657499999,4.273149272397348,coretop
753,25.485057830810547,0.66888733425,6.254138335747574,coretop
754,26.77692222595215,0.7816568155,2.730518541811058,coretop
755,25.090744018554688,0.679507693,3.509168738886986,coretop
756,20.29776954650879,0.59229752375,9.32160482866979,coretop
757,27.098190307617188,0.7297048123750001,3.3197068536023204,coretop
758,26.57938003540039,0.8330363975,4.105268620137418,coretop
759,26.84194564819336,0.78246523375,3.928237191592938,coretop
760,26.781923294067383,0.799979436625,3.560288199859823,coretop
761,26.69397735595703,0.80591923225,3.484163836149803,coretop
762,26.592370986938477,0.8041224260000001,3.1160461706624973,coretop
763,25.300790786743164,0.7042874955,3.2351119237041934,coretop
764,26.18555450439453,0.7935,5.79047619047619,coretop
765,26.708866119384766,0.819919604125,3.907290050504371,coretop
766,26.565357208251953,0.820266384,3.4153645066509957,coretop
767,26.44059181213379,0.7777959739999999,2.8417431514913867,coretop
768,24.846839904785156,0.62602385175,4.791978415898771,coretop
769,20.34845733642578,0.60036746475,8.19718508183955,coretop
770,26.63157081604004,0.8103370665,3.725466191665481,coretop
771,20.24066734313965,0.6040967485,9.196612161649941,coretop
772,25.248231887817383,0.8014,4.338028169014084,coretop
773,25.468284606933594,0.786775,5.168181818181818,coretop
774,23.12008285522461,0.59200376775,5.467072607899837,coretop
775,27.00035858154297,0.7045153447500001,2.515627613129464,coretop
776,21.762605667114258,0.6813685862499999,2.2142687255640108,coretop
777,21.721532821655273,0.65326105575,4.755071361389414,coretop
778,24.860639572143555,0.688586508,3.6558069651882006,coretop
779,26.634258270263672,0.68654378775,3.1234179092657133,coretop
780,25.136215209960938,0.7744500000000001,4.618257261410788,coretop
781,22.377574920654297,0.5910097407500001,4.855714576036895,coretop
782,25.35247230529785,0.642512855,8.555300405515162,coretop
783,20.63288116455078,0.6341504395,5.080281973278245,coretop
784,20.040285110473633,0.6131784902499999,9.556515108427151,coretop
785,24.905153274536133,0.7282334690000001,4.360033205354364,coretop
786,25.002042770385742,0.8121,4.333333333333333,coretop
787,22.0281925201416,0.719274847,2.4948534799374036,coretop
788,25.106855392456055,0.66766162775,6.910944718715582,coretop
789,20.655609130859375,0.5700277632499999,4.775715016632294,coretop
790,24.756860733032227,0.6543740932500001,7.13319195116339,coretop
791,19.18303871154785,0.5873893499999999,6.702137469370507,coretop
792,24.759916305541992,0.8133250000000001,4.008849557522124,coretop
793,24.943222045898438,0.73095,4.9750000000000005,coretop
794,20.858856201171875,0.601653276,5.3166840333136065,coretop
795,21.904802322387695,0.68525,2.705882352941176,coretop
796,21.76421546936035,0.68616332725,1.8594500492346726,coretop
797,24.509653091430664,0.47040473125000004,3.40532810281716,coretop
798,19.386981964111328,0.6298347615,8.491994785002467,coretop
799,21.006357192993164,0.669625,2.7222222222222223,coretop
800,20.774349212646484,0.6771250000000001,2.611111111111111,coretop
801,20.668760299682617,0.68325,2.666666666666667,coretop
802,20.24966812133789,0.656,2.764705882352941,coretop
803,24.200950622558594,0.53652920525,19.539773005217725,coretop
804,20.54720687866211,0.63918387025,2.5824499649813686,coretop
805,21.79701805114746,0.47890697025,9.623013160001214,coretop
806,20.28909683227539,0.68075,3.066666666666667,coretop
807,20.425649642944336,0.66075,2.7333333333333334,coretop
808,24.02419662475586,0.5913693335,11.932518134183807,coretop
809,19.1415958404541,0.6015338017499999,6.516341569482955,coretop
810,18.892826080322266,0.5866248559999999,5.528040465299976,coretop
811,,0.6547499999999999,2.8666666666666667,coretop
812,20.005046844482422,0.657,2.933333333333333,coretop
813,22.511348724365234,0.61347771725,6.875078560521193,coretop
814,,0.645625,2.8823529411764706,coretop
815,22.63799476623535,0.664733647,5.260609825107011,coretop
816,18.367443084716797,0.6595,2.8333333333333335,coretop
817,18.45575714111328,0.652,2.5,coretop
818,18.50978660583496,0.650625,2.6874999999999996,coretop
819,18.025440216064453,0.6457499999999999,3.181818181818182,coretop
820,18.136581420898438,0.6625,2.857142857142857,coretop
821,22.291433334350586,0.5819643185000001,5.1831617592956425,coretop
822,24.781970977783203,0.56681656625,11.236675144708228,coretop
823,17.855384826660156,0.626625,2.928571428571429,coretop
824,17.496713638305664,0.6266750000000001,3.0785714285714283,coretop
825,24.55221176147461,0.659119974,2.8825351580753313,coretop
826,25.209117889404297,0.53104970775,13.09607349904214,coretop
827,17.505847930908203,0.6475,2.6,coretop
828,17.50765037536621,0.64125,1.9545454545454546,coretop
829,17.4747314453125,0.571975,2.714285714285714,coretop
830,17.765039443969727,0.607375,3.0,coretop
831,23.2286319732666,0.6814361777500001,4.768794080224357,coretop
832,21.381052017211914,0.62840978975,5.592671900653788,coretop
833,16.101177215576172,0.5375,2.933333333333333,coretop
834,23.222593307495117,0.6276074502500001,5.076736644700756,coretop
835,21.269634246826172,0.62582909775,6.008409162653749,coretop
836,21.249013900756836,0.64175,7.285714285714285,coretop
837,23.007869720458984,0.61929858575,5.657274433493237,coretop
838,23.041893005371094,0.5288987565000001,6.968291944209704,coretop
839,24.983285903930664,0.6180096,5.9721389361946065,coretop
840,20.933582305908203,0.65275,9.285714285714286,coretop
841,20.461158752441406,0.6607500000000001,8.846153846153847,coretop
842,21.422998428344727,0.6342500000000001,5.437499999999999,coretop
843,15.54962158203125,0.552,3.0,coretop
844,24.719831466674805,0.53355756525,6.390788735938772,coretop
845,19.602508544921875,0.6253053587499999,7.026123757963622,coretop
846,21.862537384033203,0.6677500000000001,7.785714285714286,coretop
847,21.888521194458008,0.6607500000000001,8.428571428571429,coretop
848,14.39395523071289,0.59110480925,1.8359681129399696,coretop
849,20.12098503112793,0.6587500000000001,9.75,coretop
850,15.776041984558105,0.6231500000000001,3.2222222222222228,coretop
851,16.031049728393555,0.5871,3.1666666666666665,coretop
852,16.029680252075195,0.5065,2.857142857142857,coretop
853,16.12493324279785,0.52225,4.666666666666667,coretop
854,16.8026180267334,0.531975,2.8333333333333335,coretop
855,14.384223937988281,0.47612499999999996,24.142857142857146,coretop
856,24.748218536376953,0.6480316552500001,4.176053250920617,coretop
857,19.415313720703125,0.620837335,4.241711181106892,coretop
858,15.937561988830566,0.55697897525,1.721101281265716,coretop
859,20.130695343017578,0.63175,7.285714285714285,coretop
860,21.44329833984375,0.67,9.5,coretop
861,21.449975967407227,0.6585000000000001,8.142857142857142,coretop
862,14.8733491897583,0.5889,3.833333333333333,coretop
863,15.809487342834473,0.50325,3.0,coretop
864,14.989934921264648,0.54075,3.5,coretop
865,19.457529067993164,0.6365000000000001,8.230769230769232,coretop
866,14.861109733581543,0.5537500000000001,2.6363636363636367,coretop
867,14.539210319519043,0.5335,3.1666666666666665,coretop
868,15.222237586975098,0.5410813744999999,1.6364828128285487,coretop
869,15.572449684143066,0.5365,3.2,coretop
870,15.117429733276367,0.5513241274999999,2.902700146501703,coretop
871,19.058164596557617,0.619210305875,5.911060473984861,coretop
872,19.169513702392578,0.6550461049999999,12.856731415232726,coretop
873,15.128506660461426,0.5268752025,2.096106323260901,coretop
874,23.408588409423828,0.5547615755,6.238466243811949,coretop
875,19.088008880615234,0.6165833549999999,6.716179951340061,coretop
876,17.74081039428711,0.6290000000000001,6.4444444444444455,coretop
877,19.272783279418945,0.60875,5.75,coretop
878,19.709157943725586,0.61875,7.166666666666666,coretop
879,19.272151947021484,0.6022500000000001,7.5,coretop
880,20.188325881958008,0.606,5.466666666666667,coretop
881,14.278607368469238,0.57425,3.2,coretop
882,14.514375686645508,0.526,4.0,coretop
883,14.808614730834961,0.508,3.0,coretop
884,14.271184921264648,0.5667500000000001,3.2857142857142856,coretop
885,13.726765632629395,0.5377500000000001,2.5,coretop
886,23.923189163208008,0.554130432,8.580642734406897,coretop
887,17.60991096496582,0.6280000000000001,7.111111111111112,coretop
888,18.694477081298828,0.5961182795,6.402639350012952,coretop
889,18.25461769104004,0.60961621275,4.489783960332717,coretop
890,20.231433868408203,0.6035,5.125,coretop
891,19.454933166503906,0.5975,4.6875,coretop
892,20.533449172973633,0.51778268725,4.115457262192663,coretop
893,18.133222579956055,0.625015841,7.648656422845081,coretop
894,19.7509708404541,0.58875,4.6875,coretop
895,13.49697494506836,0.55580409725,1.912860137467541,coretop
896,13.515789031982422,0.44775,3.0,coretop
897,13.480011940002441,0.51225,2.25,coretop
898,13.068310737609863,0.49824999999999997,3.25,coretop
899,15.539034843444824,0.561339136875,2.6123764266572596,coretop
900,19.94333267211914,0.5944432927500001,11.277996106645865,coretop
901,19.649433135986328,0.58103012175,13.356276851493663,coretop
902,16.90770721435547,0.48200628700000003,2.7410827598534273,coretop
903,19.929718017578125,0.59451167525,14.78442906088293,coretop
904,19.41351318359375,0.587,4.294117647058823,coretop
905,16.501911163330078,0.5382930232500001,4.246172153421467,coretop
906,17.509416580200195,0.6328809285,8.36048507253646,coretop
907,17.117626190185547,0.6262727732500001,7.097588362821246,coretop
908,18.873109817504883,0.59125,5.133333333333334,coretop
909,19.006628036499023,0.5805,4.6875,coretop
910,12.7428617477417,0.50786324375,1.9683627522410163,coretop
911,17.1358585357666,0.58786718675,8.705594797794816,coretop
912,15.58996868133545,0.538682591625,3.0919765133269648,coretop
913,21.743192672729492,0.53724222375,10.743798514615117,coretop
914,16.595252990722656,0.5872943322499999,7.599999803080003,coretop
915,16.107751846313477,0.57652439125,5.444444363456792,coretop
916,18.337858200073242,0.5725,5.2,coretop
917,16.48813819885254,0.5092,6.703125,coretop
918,16.18390464782715,0.51287365825,2.3124999973125036,coretop
919,16.54610252380371,0.54224436675,2.49999991757143,coretop
920,19.12860679626465,0.57475,4.5625,coretop
921,18.682636260986328,0.57625,4.733333333333333,coretop
922,11.750945091247559,0.52776855975,1.6167304001708374,coretop
923,17.937889099121094,0.501527788,8.903766003593729,coretop
924,16.734609603881836,0.54429892,3.3333334120000027,coretop
925,16.419551849365234,0.5494746067499999,2.40000004568,coretop
926,19.10720443725586,0.5565,3.5714285714285716,coretop
927,18.39815902709961,0.5213322302500001,11.713228147353549,coretop
928,16.89698600769043,0.582829047,7.285714420612247,coretop
929,18.652740478515625,0.631,6.909090909090909,coretop
930,16.031028747558594,0.4364,2.6078431372549016,coretop
931,16.50920867919922,0.5234,3.5,coretop
932,18.95591163635254,0.5337500000000001,3.3846153846153846,coretop
933,18.543466567993164,0.6042500000000001,3.153846153846154,coretop
934,18.504117965698242,0.6036250000000001,4.125,coretop
935,18.647695541381836,0.6155,5.90909090909091,coretop
936,18.6456356048584,0.6172500000000001,4.785714285714286,coretop
937,18.54538917541504,0.58075,3.0,coretop
938,18.465688705444336,0.5855,3.6666666666666665,coretop
939,18.377838134765625,0.6140000000000001,4.916666666666666,coretop
940,18.656471252441406,0.5787500000000001,5.708333333333334,coretop
941,18.777372360229492,0.5583750000000001,4.380952380952381,coretop
942,18.51022720336914,0.5952500000000001,3.3636363636363638,coretop
943,18.47279930114746,0.61575,5.333333333333334,coretop
944,18.469600677490234,0.6092500000000001,5.545454545454546,coretop
945,18.638629913330078,0.57525,3.545454545454546,coretop
946,18.204452514648438,0.58725,3.011904761904762,coretop
947,17.5734806060791,0.579,5.071428571428571,coretop
948,16.556838989257812,0.591802473125,7.737500198904381,coretop
949,16.402294158935547,0.56563573925,4.588235178321801,coretop
950,16.21102523803711,0.58508403425,2.35000002499,coretop
951,18.002132415771484,0.5775,3.545454545454546,coretop
952,17.472749710083008,0.57225,4.857142857142858,coretop
953,17.360790252685547,0.57175,4.333333333333334,coretop
954,13.156244277954102,0.56701915675,1.9294923837625393,coretop
955,18.574403762817383,0.5262803804999999,15.042736312308476,coretop
956,17.309463500976562,0.5670000000000001,7.7777777777777795,coretop
957,18.124568939208984,0.590125,3.859848484848485,coretop
958,18.06574249267578,0.5705,3.0461538461538464,coretop
959,12.985803604125977,0.486,8.711111111111112,coretop
960,18.249771118164062,0.57825,3.181818181818182,coretop
961,16.026527404785156,0.57316053525,9.60000007176,coretop
962,16.010330200195312,0.551232320125,5.000000003844446,coretop
963,15.875618934631348,0.549682144625,2.4374999160937527,coretop
964,15.648828506469727,0.48467432899999996,2.272727359008268,coretop
965,11.600656509399414,0.473459036,6.7742230342819365,coretop
966,,0.56375,2.9,coretop
967,17.634849548339844,0.5670000000000001,3.0,coretop
968,17.739667892456055,0.5910000000000001,3.6923076923076925,coretop
969,17.885086059570312,0.6090000000000001,4.916666666666666,coretop
970,14.569701194763184,0.5555378124999999,3.284709265989595,coretop
971,12.062784194946289,0.43320000000000003,2.7692307692307696,coretop
972,11.324455261230469,0.478425,4.2926829268292686,coretop
973,15.750836372375488,0.5422250000000001,4.245614035087719,coretop
974,18.153423309326172,0.5725,2.625,coretop
975,17.81859588623047,0.61075,4.071428571428571,coretop
976,13.813511848449707,0.441719207125,3.1599775397536813,coretop
977,14.395602226257324,0.5558151605000001,3.1250003009375287,coretop
978,17.726524353027344,0.497483985,10.924303118234633,coretop
979,17.75973892211914,0.5627500000000001,2.95,coretop
980,17.803232192993164,0.56775,3.6923076923076925,coretop
981,13.862334251403809,0.5666741995,3.791017250842436,coretop
982,14.848917007446289,0.580120914,4.2069983539204525,coretop
983,10.011266708374023,0.5109106475,2.6491928221217163,coretop
984,15.657652854919434,0.52525,3.9,coretop
985,16.363027572631836,0.53975,5.888888888888889,coretop
986,16.619909286499023,0.55,7.111111111111112,coretop
987,16.65095329284668,0.5955,8.166666666666668,coretop
988,17.48611068725586,0.56425,2.6363636363636367,coretop
989,17.554821014404297,0.553625,2.3166666666666664,coretop
990,17.70369529724121,0.55575,3.083333333333333,coretop
991,17.843637466430664,0.5810000000000001,3.5384615384615388,coretop
992,13.978067398071289,0.5648100245000001,3.230648114510978,coretop
993,14.20928955078125,0.56381192275,2.899999833260008,coretop
994,8.472697257995605,0.50973766175,4.205481830386904,coretop
995,17.472606658935547,0.51035271875,6.608645820007456,coretop
996,16.073293685913086,0.5775,4.3999999999999995,coretop
997,16.424480438232422,0.54375,5.666666666666667,coretop
998,16.49493408203125,0.54425,6.055555555555555,coretop
999,16.389699935913086,0.56675,7.888888888888888,coretop
1000,16.508607864379883,0.57775,7.000000000000001,coretop
1001,16.143707275390625,0.48075,2.4444444444444446,coretop
1002,16.20432472229004,0.52925,3.1222222222222222,coretop
1003,16.270832061767578,0.5275,3.9,coretop
1004,16.384418487548828,0.579875,6.327272727272727,coretop
1005,13.770560264587402,0.5135160015000001,2.9298845784689123,coretop
1006,7.585190296173096,0.3952019855,4.546223082562745,coretop
1007,7.955183029174805,0.40702957225,5.841452917988912,coretop
1008,16.098766326904297,0.4755,2.2777777777777777,coretop
1009,16.051149368286133,0.5195,2.8,coretop
1010,16.115680694580078,0.5335,3.0909090909090913,coretop
1011,16.221498489379883,0.52925,2.666666666666667,coretop
1012,16.316171646118164,0.526,2.9,coretop
1013,16.452957153320312,0.5587500000000001,4.5,coretop
1014,16.565093994140625,0.54675,6.111111111111112,coretop
1015,13.693181991577148,0.556073928,4.180380522854788,coretop
1016,13.75810432434082,0.60533373075,3.8639168704004283,coretop
1017,11.943476676940918,0.46851444625,6.287766543508797,coretop
1018,15.7617826461792,0.5017499999999999,2.375,coretop
1019,15.931439399719238,0.5195,2.5,coretop
1020,16.243806838989258,0.52,2.888888888888889,coretop
1021,16.117023468017578,0.5137499999999999,2.888888888888889,coretop
1022,16.39221954345703,0.513375,2.5347222222222223,coretop
1023,16.455106735229492,0.52625,2.777777777777778,coretop
1024,14.133816719055176,0.595764218,4.14742593425246,coretop
1025,9.141715049743652,0.5596780335000001,2.831561925539635,coretop
1026,8.910822868347168,0.48283219925,5.85597828221495,coretop
1027,16.740589141845703,0.5612106675,18.85795598647838,coretop
1028,16.489824295043945,0.50621418225,12.979494553679716,coretop
1029,16.205846786499023,0.49825,2.625,coretop
1030,16.329652786254883,0.481125,2.2777777777777777,coretop
1031,17.902116775512695,0.55675,3.0,coretop
1032,14.072549819946289,0.48551750575,3.629321775044144,coretop
1033,10.944987297058105,0.45753608050000005,8.508877829729304,coretop
1034,17.188146591186523,0.5002915185000001,3.8437941441852024,coretop
1035,17.47333335876465,0.6119616644999999,8.749302435521281,coretop
1036,17.61125946044922,0.6096426158749999,8.465062604396755,coretop
1037,16.99040412902832,0.534647038,3.135580431532346,coretop
1038,18.07558822631836,0.5311337488750001,2.450547890736633,coretop
1039,13.898962020874023,0.60596198575,2.0570383671964216,coretop
1040,13.971601486206055,0.4830796445,3.1349719115382517,coretop
1041,17.593170166015625,0.5991382485,7.936559678293155,coretop
1042,17.56155014038086,0.58793314225,7.678811533426373,coretop
1043,16.49197006225586,0.548382036,7.87776970103127,coretop
1044,16.728052139282227,0.5542205505,5.404512299457133,coretop
1045,16.945068359375,0.5512693481250001,2.9666817104476664,coretop
1046,17.179885864257812,0.5265,3.3333333333333335,coretop
1047,17.22240447998047,0.49125,2.9999999999999996,coretop
1048,13.94269847869873,0.5611250000000001,4.285714285714286,coretop
1049,13.743471145629883,0.55435,3.7105263157894735,coretop
1050,9.474164962768555,0.42914986075,7.792801149474188,coretop
1051,12.658173561096191,0.4248038215,6.9800040783920485,coretop
1052,17.417638778686523,0.5558300307500001,2.532350132238852,coretop
1053,17.49757194519043,0.5690689354999999,6.31971658558243,coretop
1054,17.178922653198242,0.5496983794999999,6.653665575771813,coretop
1055,13.904980659484863,0.5534198115,3.0909092661157107,coretop
1056,5.94581413269043,0.44245000000000007,9.7,coretop
1057,11.794964790344238,0.40636621975,7.494208368678196,coretop
1058,,0.51925,3.0,coretop
1059,13.528549194335938,0.58675,2.4098360655737703,coretop
1060,13.645550727844238,0.583475,5.0,coretop
1061,8.328560829162598,0.408517837,6.581562990430035,coretop
1062,12.875680923461914,0.506965746,4.6363636040330585,coretop
1063,13.450759887695312,0.5607847854999999,3.4285710894694335,coretop
1064,16.212133407592773,0.50025,3.666666666666667,coretop
1065,13.548489570617676,0.5732,2.5283018867924527,coretop
1066,13.538256645202637,0.580446927,2.7499998881250067,coretop
1067,8.419914245605469,0.49372499999999997,9.6,coretop
1068,9.27427864074707,0.44884999999999997,10.657142857142857,coretop
1069,5.066582679748535,0.457282013,3.771233581387194,coretop
1070,4.918140411376953,0.482678375,4.277309651991019,coretop
1071,11.588018417358398,0.50505,2.7818181818181817,coretop
1072,12.073880195617676,0.474225,15.628571428571428,coretop
1073,11.54250717163086,0.503225,10.131578947368421,coretop
1074,11.464483261108398,0.50044796175,3.998389865899389,coretop
1075,5.705498218536377,0.498075,3.2143749999999995,coretop
1076,4.350899696350098,0.32373191325,7.833802993335836,coretop
1077,11.98311710357666,0.517775,12.594594594594595,coretop
1078,11.559905052185059,0.500544197,7.272327866703549,coretop
1079,4.768163204193115,0.426525,11.685714285714285,coretop
1080,3.7080283164978027,0.4797188725,2.113354407953805,coretop
1081,13.750670433044434,0.541875,6.460674157303371,coretop
1082,13.728092193603516,0.5327999999999999,4.959183673469387,coretop
1083,4.1620988845825195,0.46763997325,6.995215509226475,coretop
1084,13.60584545135498,0.5134500000000001,4.028301886792453,coretop
1085,3.6136105060577393,0.44511914299999994,6.753336751040567,coretop
1086,3.4410436153411865,0.48787182525,6.912259127289174,coretop
1087,3.122220993041992,0.47188699775,8.078389883204883,coretop
1088,8.124332427978516,0.39057762225,6.567947890713227,coretop
1089,5.863519668579102,0.4663,6.074626865671641,coretop
1090,8.147892951965332,0.38937089375,8.002765556614301,coretop
1091,8.391477584838867,0.386113522,9.223341154621908,coretop
1092,5.777312278747559,0.43967500000000004,9.45,coretop
1093,12.516158103942871,0.51325,8.117647058823529,coretop
1094,11.352251052856445,0.50095,2.5918367346938775,coretop
1095,5.298941135406494,0.464222408,9.728002233146562,coretop
1096,5.257619857788086,0.47595000000000004,12.157894736842104,coretop
1097,5.334090709686279,0.49711447425000005,8.885943924690629,coretop
1098,2.6847684383392334,0.4807603955,1.77457424901672,coretop
1099,2.837825059890747,0.479717499,3.148286792524902,coretop
1100,11.832900047302246,0.46295,6.1875,coretop
1101,3.3334426879882812,0.47303372275,9.594443172698787,coretop
1102,4.8937859535217285,0.45065000000000005,14.405405405405405,coretop
1103,4.947264194488525,0.4531,8.837837837837837,coretop
1104,11.319245338439941,0.49795,2.76056338028169,coretop
1105,11.438420295715332,0.49262500000000004,2.647887323943662,coretop
1106,11.57017707824707,0.43927499999999997,2.1111111111111107,coretop
1107,11.656301498413086,0.4737,2.9298245614035086,coretop
1108,3.252833366394043,0.45779099075,12.062387820791804,coretop
1109,11.443072319030762,0.47925,2.5588235294117645,coretop
1110,11.05200481414795,0.4953213411249999,2.044437427346433,coretop
1111,11.304162979125977,0.497125,2.9482758620689657,coretop
1112,2.3394079208374023,0.43025953175000003,3.9537031304904344,coretop
1113,11.965595245361328,0.6865667982499999,4.989331262149045,coretop
1114,11.317695617675781,0.509325,2.710526315789474,coretop
1115,10.933943748474121,0.46047499999999997,2.729166666666667,coretop
1116,10.987242698669434,0.49201580725,2.008444560646039,coretop
1117,11.082870483398438,0.49661716875,2.010977032185469,coretop
1118,3.0162153244018555,0.33660517324999994,10.926830061881375,coretop
1119,10.984079360961914,0.4852,2.351351351351351,coretop
1120,10.69112491607666,0.478049254,1.8276747293120945,coretop
1121,7.031857490539551,0.48575,12.9,coretop
1122,7.113456726074219,0.474225,13.473684210526317,coretop
1123,7.045757293701172,0.48385532024999994,14.04593729616767,coretop
1124,10.468791007995605,0.463383306,2.1887050775939643,coretop
1125,5.557306289672852,0.44744999999999996,7.638888888888889,coretop
1126,10.461956024169922,0.44923964050000004,1.7969505493530447,coretop
1127,5.737292766571045,0.493925,3.7837837837837838,coretop
1128,5.134111404418945,0.47767499999999996,13.03030303030303,coretop
1129,10.56521987915039,0.44941096324999996,1.7735972594270004,coretop
1130,8.687688827514648,0.5312203805,3.157486650782187,coretop
1131,11.288187026977539,0.48298640925,2.599211708068369,coretop
1132,8.583398818969727,0.5462,3.035714285714286,coretop
1133,8.610098838806152,0.5091,2.689655172413793,coretop
1134,2.942365884780884,0.4579851135,2.5679453330405875,coretop
1135,2.400944948196411,0.46935721825,2.100565085535235,coretop
1136,1.570014238357544,0.44618873525,1.8537992256355391,coretop
1137,8.3474760055542,0.56806145775,2.6922808887593654,coretop
1138,9.184810638427734,0.46684354800000005,7.191075807004061,coretop
1139,9.440535545349121,0.463932027875,6.807219175829025,coretop
1140,8.332010269165039,0.51409121275,3.039783109928588,coretop
1141,8.346633911132812,0.5439466605,3.4913711077851928,coretop
1142,8.27685832977295,0.5306500000000001,2.5384615384615388,coretop
1143,8.271525382995605,0.5462500000000001,3.2727272727272725,coretop
1144,9.69396686553955,0.4859510755,1.8905732898695407,coretop
1145,2.9831697940826416,0.45491040875,1.59557011150649,coretop
1146,9.81971263885498,0.49149234774999995,4.531048176444802,coretop
1147,3.2240941524505615,0.452855756,1.4445978469342724,coretop
1148,9.596555709838867,0.5215161775,1.676425733666317,coretop
1149,7.092965126037598,0.48257500000000003,2.607142857142857,coretop
1150,7.803338050842285,0.53625,3.2800000000000002,coretop
1151,8.02033805847168,0.573075,3.666666666666667,coretop
1152,9.757322311401367,0.49570033924999996,2.8777307914964103,coretop
1153,7.846826553344727,0.47191437775,3.046630845762925,coretop
1154,7.882012844085693,0.50328232575,2.6450817278244587,coretop
1155,5.893277168273926,0.48468059737499997,6.26606602136625,coretop
1156,10.678336143493652,0.47969973850000003,9.584708228782796,coretop
1157,6.025935173034668,0.47936552025000007,6.271810652974154,coretop
1158,10.380147933959961,0.48327831525,10.179990033518537,coretop
1159,7.214672088623047,0.5155296535,2.1255941876258104,coretop
1160,4.573668956756592,0.46900000000000003,9.36111111111111,coretop
1161,8.564340591430664,0.47656521874999996,3.2914079058968606,coretop
1162,3.3294551372528076,0.48860203875,1.9671269272948786,coretop
1163,6.6980156898498535,0.50352107825,2.6483041851204914,coretop
1164,4.3516693115234375,0.46504043525000005,1.4104492792918644,coretop
1165,10.031736373901367,0.45644020125,15.897164911231787,coretop
1166,4.128323078155518,0.5173,5.5,coretop
1167,1.2388099431991577,0.48602500000000004,1.7307692307692306,coretop
1168,1.1745986938476562,0.484825,1.96,coretop
1169,1.049726963043213,0.437325,2.9736842105263155,coretop
1170,1.2086575031280518,0.504,1.9199999999999997,coretop
1171,1.4570698738098145,0.49945,2.04,coretop
1172,2.7331900596618652,0.586110963,8.936761984578746,coretop
1173,2.1392900943756104,0.513374189,11.52646990528982,coretop
1174,6.850467205047607,0.438725,3.3333333333333335,coretop
1175,8.63636589050293,0.43910000000000005,1.78125,coretop
1176,9.320635795593262,0.4425403195,9.713586189576942,coretop
1177,6.089876174926758,0.44205,2.8,coretop
1178,8.535200119018555,0.43807500000000005,3.0277777777777777,coretop
1179,6.049649238586426,0.5363749337499999,3.11238381341936,coretop
1180,1.8466675281524658,0.44922899774999997,1.4685383560912715,coretop
1181,1.9250600337982178,0.48387996325,1.0853885651827864,coretop
1182,2.119990110397339,0.46138869374999997,1.4091707320185949,coretop
1183,1.7702049016952515,0.47117950025,1.7288752450644227,coretop
1184,2.9089999198913574,0.5078423137500001,1.6075452264862926,coretop
1185,1.0394049882888794,0.5232748047499999,1.1467137702852235,coretop
1186,1.4486461877822876,0.4558371025,1.7899041246196008,coretop
1187,2.488725185394287,0.4386608315,1.6480168352974167,coretop
1188,7.970259666442871,0.48842535397444525,2.6083758344533923,coretop
1189,2.2022998332977295,0.48075102300000006,1.5743289674076373,coretop
1190,7.598775863647461,0.4859344954189377,3.1845017623288663,coretop
1191,3.645495653152466,0.5328503807499999,2.938226456867241,coretop
1192,5.975027561187744,0.49689525353129527,3.714148945423267,coretop
1193,4.192136764526367,0.5758786661822802,3.455843905073743,coretop
1194,4.683030128479004,0.48323664998912913,3.0225196664876157,coretop
1195,4.888111114501953,0.532375094095104,2.212691828844057,coretop
1196,3.786313056945801,0.45631469610314646,2.849681249863066,coretop
1197,1.979358434677124,0.448412743,1.5631343607723163,coretop
1198,1.521998643875122,0.46704215025,1.0662481871394507,coretop
1199,1.1673674583435059,0.47337834575,1.8769418189213076,coretop
1200,,0.449769231,3.2235419462153083,coretop
1201,0.20092996954917908,0.43915507575000007,1.5159621455320453,coretop
1202,5.867350101470947,0.457575,2.108108108108108,coretop
1203,0.5234040021896362,0.46050018425,2.028813633955344,coretop
1204,5.9050469398498535,0.44867500000000005,2.0,coretop
1205,0.5383399724960327,0.325,3.0,coretop
1206,5.637677192687988,0.43779999999999997,2.2264150943396226,coretop
1207,-0.413704514503479,0.49511041675,1.2553398357027228,coretop
1208,6.927165508270264,0.42107500000000003,2.207547169811321,coretop
1209,0.0897424966096878,0.433125,1.637254901960784,coretop
1210,-0.2839899957180023,0.43656090200000003,1.5758873855916953,coretop
1211,7.315147876739502,0.41295,3.5526315789473686,coretop
1212,6.455320835113525,0.42585,2.212765957446808,coretop
1213,-0.4253183603286743,0.5185393465,0.7564253358305837,coretop
1214,-0.44343802332878113,0.5086895817499999,4.1043416446346574,coretop
1215,-0.3956109881401062,0.41962555825000003,1.4842726526113745,coretop
1216,6.17282772064209,0.43015000000000003,2.023809523809524,coretop
1217,0.9842100143432617,0.466075,2.0679611650485437,coretop
1218,2.291100025177002,0.39772499999999994,1.76,coretop
1219,0.6000300049781799,0.4887,1.2402597402597402,coretop
1220,-0.769804060459137,0.4887336655,1.5685568117872997,coretop
1221,-0.5328199863433838,0.45296016475,1.40607050446269,coretop
1222,6.5161285400390625,0.42057500000000003,2.1904761904761907,coretop
1223,0.6359750032424927,0.45957500000000007,1.690909090909091,coretop
1224,1.8454999923706055,0.48592500000000005,1.8292682926829267,coretop
1225,-0.7692716717720032,0.537756248,1.2733025102419546,coretop
1226,6.336041450500488,0.424725,2.166666666666667,coretop
1227,0.6115250587463379,0.467275,1.4329896907216493,coretop
1228,0.7264399528503418,0.47850000000000004,1.670731707317073,coretop
1229,1.733049988746643,0.458075,1.4150943396226414,coretop
1230,0.35220497846603394,0.564775,1.7432432432432432,coretop
1231,6.2780046463012695,0.41825,2.081081081081081,coretop
1232,5.942856311798096,0.40622499999999995,2.27027027027027,coretop
1233,1.1672499179840088,0.49635,1.791044776119403,coretop
1234,-1.1808408498764038,0.621644517,1.0979017654140284,coretop
1235,-0.852429211139679,0.44957362300000003,3.016703466636908,coretop
1236,0.49317502975463867,0.49275,1.2394366197183098,coretop
1237,0.5090399980545044,0.502125,1.4266666666666667,coretop
1238,1.0653225183486938,0.49755,1.6229508196721312,coretop
1239,0.18855500221252441,0.54355,1.6363636363636365,coretop
1240,5.869172096252441,0.4133,2.0,coretop
1241,-0.8397100567817688,0.48950000000000005,1.3833333333333333,coretop
1242,-0.23775498569011688,0.5142,1.6229508196721312,coretop
1243,-0.7359100580215454,0.48301349075,1.4933802805688983,coretop
1244,-0.6860100030899048,0.6235401297500001,0.9503107643348006,coretop
1245,-0.6452100276947021,0.52353134925,1.4020054060705411,coretop
1246,4.55703067779541,0.44100000000000006,2.228571428571428,coretop
1247,5.361505508422852,0.43015000000000003,1.838709677419355,coretop
1248,5.51605224609375,0.42755,1.9374999999999998,coretop
1249,0.35652250051498413,0.48712500000000003,1.0655737704918031,coretop
1250,0.3808649778366089,0.4419404155,1.0747423868751274,coretop
1251,0.804474949836731,0.501625,1.1904761904761905,coretop
1252,-0.7418100237846375,0.430441336,1.550613423786039,coretop
1253,3.6181719303131104,0.430075,1.8709677419354838,coretop
1254,0.3856699764728546,0.47489556074999995,1.2007543476433753,coretop
1255,-0.8894349932670593,0.48725,1.3617021276595744,coretop
1256,-0.4965225160121918,0.49440000000000006,1.3777777777777778,coretop
1257,5.081137180328369,0.43787499999999996,3.057142857142857,coretop
1258,0.19250501692295074,0.49590000000000006,1.0153846153846153,coretop
1259,0.22114498913288116,0.512275,1.1791044776119404,coretop
1260,0.43967247009277344,0.503525,1.469387755102041,coretop
1261,-1.0926241874694824,0.46078319824999997,1.1722264484096796,coretop
1262,3.679220199584961,0.4229,1.8181818181818181,coretop
1263,0.14337500929832458,0.4987500000000001,1.1692307692307693,coretop
1264,0.26545000076293945,0.5102,1.612244897959184,coretop
1265,0.26929497718811035,0.5208249999999999,1.0,coretop
1266,0.27268001437187195,0.49987869225000003,1.1517483690755588,coretop
1267,-0.7597850561141968,0.476825,1.1111111111111112,coretop
1268,-0.7320050001144409,0.44217500000000004,2.0925925925925926,coretop
1269,3.8160815238952637,0.423675,1.7096774193548387,coretop
1270,4.479194164276123,0.43365,1.7333333333333332,coretop
1271,4.158779621124268,0.516575,1.4,coretop
1272,-0.5377349853515625,0.47965,1.3571428571428572,coretop
1273,-1.0994336605072021,0.44486553674999996,3.0360553165771975,coretop
1274,-1.1388037204742432,0.40935930875,3.828038425339285,coretop
1275,-0.7267724871635437,0.5336,1.1818181818181817,coretop
1276,-1.1926250457763672,0.4363335385,1.709012031992963,coretop
1277,-1.112464427947998,0.46344290574999997,2.686517349380806,coretop
1278,-1.2161400318145752,0.43572352275000004,5.855402806234053,coretop
1279,2.025969982147217,0.5093,1.4827586206896552,coretop
1280,3.7054059505462646,0.478875,1.6785714285714286,coretop
1281,-0.6639949679374695,0.5288999999999999,1.6603773584905661,coretop
1282,-1.167009949684143,0.45593545175,3.6252728504067764,coretop
1283,3.2477529048919678,0.5077249999999999,1.4,coretop
1284,-0.31783002614974976,0.5035,1.7037037037037035,coretop
1285,-0.7493950128555298,0.528,1.2222222222222223,coretop
1286,2.5100598335266113,0.489175,1.5517241379310345,coretop
1287,-0.4470100402832031,0.491925,1.7872340425531914,coretop
1288,-0.3231099843978882,0.49542894325000003,1.028901678186478,coretop
1289,-1.1719655990600586,0.445330098,3.7002854657997424,coretop
1290,-1.2847439050674438,0.44760231325,4.352776526755398,coretop
1291,-1.2883726358413696,0.44285448825,1.9675569205650374,coretop
1292,2.496072769165039,0.47385000000000005,1.6296296296296295,coretop
1293,2.4984583854675293,0.47317499999999996,1.6551724137931034,coretop
1294,-0.368010014295578,0.4948,1.6744186046511627,coretop
1295,-1.2239093780517578,0.378120495,2.7618596017404244,coretop
1296,-1.2262831926345825,0.46155094674999997,3.736531182770958,coretop
1297,-0.7884474992752075,0.48855,1.6557377049180326,coretop
1298,-0.5635600090026855,0.46483387825,1.0445886727815843,coretop
1299,-1.3291908502578735,0.43848757224999996,2.572002166716445,coretop
1300,-1.3451167345046997,0.439607278125,3.2753598978771272,coretop
1301,-1.4138091802597046,0.447070116625,1.5713152598562976,coretop
1302,-0.5900100469589233,0.378,1.5,coretop
1303,-0.7131574749946594,0.3645,1.5,coretop
1304,1.6808292865753174,0.4603,1.653846153846154,coretop
1305,0.8065006732940674,0.454775,1.7037037037037035,coretop
1306,-1.5126280784606934,0.4208247015,2.038678848015389,coretop
1307,1.0723249912261963,0.47435,1.5666666666666667,coretop
1308,-0.84175705909729,0.48305,1.607142857142857,coretop
1309,-0.9298683404922485,0.54217315825,1.0028482385862394,coretop
1310,-1.5313208103179932,0.47455,2.975,coretop
1311,-0.7138432860374451,0.49749999999999994,3.086206896551724,coretop
1312,-1.4836972951889038,0.4784,3.425,coretop
1313,-1.2889506816864014,0.436631796,2.313645056162789,coretop
1314,-1.3397166728973389,0.4434217770000001,3.7934278079131643,coretop
1315,-1.4817383289337158,0.46730000000000005,3.6363636363636362,coretop
1316,-0.907343327999115,0.487175,3.234042553191489,coretop
1317,-1.5082485675811768,0.42293418525,2.551573209363772,coretop
1318,-1.4780216217041016,0.42613397975,3.1265880376478123,coretop
1319,-1.0202267169952393,0.4832,2.9565217391304346,coretop
1320,-0.7010017037391663,0.483725,2.1153846153846154,coretop
1321,-0.8560917377471924,0.4733747915,1.1349108720528416,coretop
1322,-1.4729562997817993,0.480975,2.744186046511628,coretop
1323,-1.1926432847976685,0.444775,2.9333333333333336,coretop
1324,,0.494825,1.4999999999999998,coretop
1325,2.6729657649993896,0.40015,4.092592592592593,coretop
1326,2.0963950157165527,0.50325,1.564516129032258,coretop
1327,2.0861501693725586,0.5191,1.4193548387096775,coretop
1328,2.510654926300049,0.5022249999999999,1.4768145161290325,coretop
1329,2.310454845428467,0.42074999999999996,1.6774193548387097,coretop
1330,-1.4597933292388916,0.469425,2.928571428571429,coretop
1331,-1.2801634073257446,0.45605,2.813953488372093,coretop
1332,0.19409748911857605,0.43639999999999995,1.6666666666666665,coretop
1333,-1.422510027885437,0.4666,2.0317460317460316,coretop
1334,0.5522025227546692,0.47235,1.59375,coretop
1335,0.5311499834060669,0.43287499999999995,1.6129032258064517,coretop
1336,0.7219400405883789,0.4822,1.59375,coretop
1337,0.7563100457191467,0.47405,1.6774193548387097,coretop
1338,0.8180364370346069,0.3715,3.1199999999999997,coretop
1339,0.8141756057739258,0.45487500000000003,1.8214285714285716,coretop
1340,-0.7430233359336853,0.47192500000000004,1.8857142857142857,coretop
1341,-1.0152250528335571,0.42645,1.0508474576271187,coretop
1342,-1.0017813444137573,0.47435,0.9666666666666666,coretop
1343,-0.6309779286384583,0.470075,2.08,coretop
1344,-1.3987033367156982,0.44610000000000005,2.8378378378378377,coretop
1345,-1.0683175325393677,0.45650207025,3.8747668141283134,coretop
1346,-0.8649276494979858,0.46554999999999996,3.3000000000000003,coretop
1347,-1.220335841178894,0.43973383325000004,4.188458269258373,coretop
1348,-1.4033174514770508,0.4485,6.629629629629629,coretop
1349,-1.2372595071792603,0.44655000000000006,2.5555555555555554,coretop
1350,-1.3739243745803833,0.45915,4.516129032258065,coretop
1351,-1.4774326086044312,0.3998499999999999,9.555555555555555,coretop
1352,-1.3773919343948364,0.43307499999999993,2.8703703703703702,coretop
1353,-1.178757667541504,0.416475,6.454545454545454,coretop
0,37.0,0.6981382978723407,0.4788732394366198,culture
1,46.0,0.9336592178770954,0.4827586206896544,culture
2,18.0,0.6093939393939393,0.40226628895184097,culture
3,22.0,0.5588571428571432,1.088785046728969,culture
4,28.0,0.6293785310734457,1.064516129032258,culture
5,35.0,0.7289192399049885,0.7103448275862086,culture
6,18.0,0.4597672064777329,4.027027027027021,culture
7,22.0,0.6049107142857144,1.1161616161616168,culture
8,28.0,0.6988272921108745,2.389380530973461,culture
9,22.0,0.4926020408163268,3.534482758620691,culture
10,25.0,0.6071428571428569,4.263157894736839,culture
11,28.0,0.627900843881857,2.8000000000000003,culture
12,30.0,0.6276267747126468,0.6975115446294675,culture
13,28.0,0.6484025537536604,3.556174965695765,culture
14,30.0,0.6146477521074882,1.9655692990548979,culture
15,28.0,0.6288495328213237,1.1125126058145123,culture
16,28.0,0.594995250517442,1.0543766158986974,culture
17,15.0,0.5518249999999999,2.0023364485981308,culture
18,20.0,0.6032249999999999,2.544600938967136,culture
19,25.0,0.6451500000000001,1.53781512605042,culture
20,30.0,0.7353000000000001,2.1441647597254003,culture
21,33.0,0.8248000000000001,3.3623595505617976,culture
22,35.0,0.8418341834183419,3.226361031518636,culture
23,15.0,0.385275,1.0994152046783625,culture
24,20.0,0.4526,1.102325581395349,culture
25,25.0,0.5653000000000001,1.0669291338582678,culture
26,30.0,0.6846,1.3586206896551722,culture
27,10.0,0.398625,1.072,culture
28,15.0,0.4287249999999999,0.9733333333333334,culture
29,20.0,0.483298329832983,0.9683544303797468,culture
30,22.0,0.52485,1.0681818181818181,culture
31,25.0,0.57385,1.5208333333333335,culture
32,25.0,0.62005,3.021857923497268,culture
33,22.0,0.4534632034632035,5.000000000000009,culture
34,25.0,0.4935897435897443,1.3749999999999938,culture
35,25.0,0.5089285714285716,2.250000000000012,culture
36,25.0,0.6067677946324392,2.6000000000000068,culture
37,37.0,0.8479381443298963,0.68,culture
38,28.0,0.7210264900662258,1.5476190476190463,culture
39,25.0,0.6790582403965304,2.1052631578947354,culture
40,25.0,0.4856350806451616,1.4705882352941184,culture
41,20.0,0.5947626543398186,5.031172814725452,culture
42,23.0,0.6660518241858407,5.597544747574798,culture
43,25.0,0.7158269436380014,5.505753618780647,culture
44,29.0,0.8027838281566886,5.200183700822297,culture
45,32.0,0.7380775286486739,4.710599243563187,culture
46,18.0,0.5169520285659512,1.2765260736679234,culture
47,23.0,0.5995370615542296,1.5498831463797258,culture
48,28.0,0.7014871913450801,1.9467386621933362,culture
49,32.0,0.7744727900143015,2.1479997967198297,culture
50,15.0,0.3563820407087066,2.135099497419888,culture
51,20.0,0.3922918808653864,2.0122911446373575,culture
52,25.0,0.4445057809800274,1.4361241581332924,culture
53,30.0,0.4660893240886257,2.0321584802619914,culture
54,24.0,0.5874852735889019,3.4792787218758616,culture
55,24.0,0.6157108897474762,3.4694507959373997,culture
56,24.0,0.5814904771508347,3.5732761464241123,culture
57,28.0,0.6748936520438197,4.09943681151925,culture
58,28.0,0.6629058507988933,4.152969752781729,culture
59,28.0,0.6577410622908086,4.2399460557740545,culture
60,32.0,0.7495624710284355,4.437900292765696,culture
61,32.0,0.7592736037743419,3.4049917094343534,culture
62,32.0,0.7333461486016188,4.191446966200947,culture
63,35.0,0.910188177507578,0.9078668351866823,culture
64,46.0,0.9736898184219028,0.29901637370688844,culture
65,46.0,0.9960203022263244,0.4687499999999822,culture
66,42.0,0.9885468109698434,0.46999999999999514,culture
67,46.0,0.9952246197382386,0.4473684210526192,culture
68,37.0,0.9914772727272728,0.3999999999999968,culture
69,30.0,0.4856350806451616,1.4705882352941184,culture
70,32.0,0.841620585598515,0.6681308670142517,culture
71,37.0,0.9004705988150055,0.5306976986924815,culture
72,42.0,0.9212396321315288,0.5095210417629508,culture
73,47.0,0.9885565816457912,0.3048534071420969,culture
74,20.0,0.5083406883035584,1.7427954122372138,culture
75,15.0,0.4247420566413181,1.1653831091484719,culture
76,17.0,0.5480866561225628,1.810625337172436,culture
77,20.0,0.5920933557085608,2.8504792421008625,culture
78,23.0,0.5880364016476701,2.1098699322153096,culture
0,10.0,0.491934788,2.6856560413775474,mesocosm
1,15.0,0.4847796475,2.1909090466148764,mesocosm
2,15.0,0.4640795035,2.2500000595354193,mesocosm
3,22.0,0.747983871,2.8587786206433194,mesocosm
4,25.0,0.76458575675,1.7634661394874693,mesocosm
5,25.0,0.80703502225,3.0373831901073456,mesocosm
6,30.0,0.76083214225,4.415384774083911,mesocosm
7,35.0,0.7906815135,5.052473654017583,mesocosm
8,13.0,0.4685023865,2.705673802952317,mesocosm
9,15.0,0.54510946825,2.971428638042717,mesocosm
10,15.0,0.54413721025,3.693181900944164,mesocosm
11,22.0,0.6693409797500001,4.403669736525714,mesocosm
12,25.0,0.7485219175,4.544406089253466,mesocosm
13,25.0,0.7322695372500001,2.6903552416330605,mesocosm
14,30.0,0.8099364099999999,2.031473539159854,mesocosm
15,25.0,0.61133324375,2.1856148582401747,mesocosm
16,25.0,0.6931228575,2.629107993136657,mesocosm
17,32.0,0.6569718405,3.553719100372245,mesocosm
18,34.0,0.80903826425,2.3180379641494024,mesocosm
19,36.0,0.8996966695,2.396907190759393,mesocosm
20,40.0,0.92620505575,1.1124031239303227,mesocosm
