sampleID,sampleName,Source,Temperature,TEX86,ringIndex,scaledRI,gdgt23ratio,phyloT_order,GTDB_phylum,NCBI_phylum,GTDB_class,NCBI_class,GTDB_order,NCBI_order,GTDB_family,NCBI_family,Strains,experiment_setup,organism_broadClass,organism_broadClass2,organism_broadClass3,fGDGT_0,fGDGT_1,fGDGT_2,fGDGT_3,fGDGT_cren,fGDGT_cren_prime,datatype,methaneIndex,gdgtZeroOverZeroCren,BIT,violin_bins
TEXAS_PSM_culture_RR001,Bale2019_019_Cultures_ThAOA_Ca Nitrosotenuis uzonesis_C-GDGT_37,Bale et al. (2019) AEM,37,0.578544061302682,2.7925531914893615,0.6981382978723404,0.47887323943661975,13.0,p__Thermoproteota,p__Nitrososphaerota,c__Nitrososphaeria,c__Nitrososphaeria,o__Nitrososphaerales,o__Nitrosopumilales,f__Nitrosopumilaceae,f__,N4,culture-temperature,Terrestrial thermophile,Group 1.1a,Group 1.1a-Nitrosopumilus,0.09397163120567376,0.1950354609929078,0.06028368794326241,0.12588652482269502,0.44326241134751776,0.08156028368794326,culture,0.4207436399217221,0.1749174917491749,0,culture-temperature_Terrestrial thermophile
TEXAS_PSM_culture_RR002,Bale2019_020_Cultures_ThAOA_Ca Nitrosotenuis uzonesis_C-GDGT_46,Bale et al. (2019) AEM,46,0.806930693069307,3.7346368715083806,0.9336592178770952,0.4827586206896552,13.0,p__Thermoproteota,p__Nitrososphaerota,c__Nitrososphaeria,c__Nitrososphaeria,o__Nitrososphaerales,o__Nitrosopumilales,f__Nitrosopumilaceae,f__,N4,culture-temperature,Terrestrial thermophile,Group 1.1a,Group 1.1a-Nitrosopumilus,0.005586592178770951,0.054469273743016765,0.019553072625698324,0.040502793296089384,0.7122905027932962,0.1675977653631285,culture,0.11516853932584269,0.007782101167315175,0,culture-temperature_Terrestrial thermophile
TEXAS_PSM_culture_RR003,Bale2019_021_Cultures_ThAOA_Ca Nitrosotenuis uzonesis_C-GDGT_50,Bale et al. (2019) AEM,50,0.7551020408163265,3.7256637168141595,0.9314159292035399,0.6521739130434783,13.0,p__Thermoproteota,p__Nitrososphaerota,c__Nitrososphaeria,c__Nitrososphaeria,o__Nitrososphaerales,o__Nitrosopumilales,f__Nitrosopumilaceae,f__,N4,culture-temperature,Terrestrial thermophile,Group 1.1a,Group 1.1a-Nitrosopumilus,0.006321112515802782,0.060682680151706705,0.018963337547408345,0.029077117572692796,0.7458912768647282,0.1390644753476612,culture,0.10941475826972011,0.008403361344537815,0,culture-temperature_Terrestrial thermophile
TEXAS_PSM_culture_RR004,Elling2015_Culture_NA0A2_18,Elling et al. (2015) GCA,18,0.8581081081081081,2.437575757575758,0.6093939393939395,0.4022662889518414,5.2,p__Thermoproteota,p__Nitrososphaerota,c__Nitrososphaeria,c__Nitrososphaeria,o__Nitrososphaerales,o__Nitrosopumilales,f__Nitrosopumilaceae,f__Nitrosopumilaceae,NAOA2,culture-temperature,Marine mesophile,Group 1.1a,Group 1.1a-Nitrosopumilus,0.12121212121212123,0.10181818181818184,0.17212121212121215,0.4278787878787879,0.16121212121212125,0.015757575757575762,culture,0.7986206896551724,0.4291845493562232,0,culture-temperature_Marine mesophile
TEXAS_PSM_culture_RR005,Elling2015_Culture_NA0A2_22,Elling et al. (2015) GCA,22,0.8273381294964028,2.235428571428572,0.558857142857143,1.0887850467289721,5.2,p__Thermoproteota,p__Nitrososphaerota,c__Nitrososphaeria,c__Nitrososphaeria,o__Nitrososphaerales,o__Nitrosopumilales,f__Nitrosopumilaceae,f__Nitrosopumilaceae,NAOA2,culture-temperature,Marine mesophile,Group 1.1a,Group 1.1a-Nitrosopumilus,0.1645714285714286,0.10971428571428572,0.26628571428571435,0.2445714285714286,0.20000000000000004,0.01485714285714286,culture,0.7428180574555403,0.45141065830721,0,culture-temperature_Marine mesophile
TEXAS_PSM_culture_RR006,Elling2015_Culture_NA0A2_28,Elling et al. (2015) GCA,28,0.8687615526802218,2.517514124293785,0.6293785310734462,1.0645161290322582,5.2,p__Thermoproteota,p__Nitrososphaerota,c__Nitrososphaeria,c__Nitrososphaeria,o__Nitrososphaerales,o__Nitrosopumilales,f__Nitrosopumilaceae,f__Nitrosopumilaceae,NAOA2,culture-temperature,Marine mesophile,Group 1.1a,Group 1.1a-Nitrosopumilus,0.11864406779661014,0.08022598870056495,0.26101694915254237,0.2451977401129943,0.2700564971751412,0.02485875706214689,culture,0.6653846153846154,0.30523255813953487,0,culture-temperature_Marine mesophile
TEXAS_PSM_culture_RR007,Elling2015_Culture_NA0A2_35,Elling et al. (2015) GCA,35,0.8092643051771117,2.915676959619952,0.728919239904988,0.7103448275862069,5.2,p__Thermoproteota,p__Nitrososphaerota,c__Nitrososphaeria,c__Nitrososphaeria,o__Nitrososphaerales,o__Nitrosopumilales,f__Nitrosopumilaceae,f__Nitrosopumilaceae,NAOA2,culture-temperature,Marine mesophile,Group 1.1a,Group 1.1a-Nitrosopumilus,0.10451306413301661,0.08313539192399048,0.12232779097387171,0.172209026128266,0.4596199524940617,0.05819477434679334,culture,0.4217506631299735,0.18526315789473685,0,culture-temperature_Marine mesophile
TEXAS_PSM_culture_RR008,Elling2015_Culture_NA0A6_18,Elling et al. (2015) GCA,18,0.5053763440860215,1.8390688259109313,0.45976720647773284,4.027027027027027,7.1,p__Thermoproteota,p__Nitrososphaerota,c__Nitrososphaeria,c__Nitrososphaeria,o__Nitrososphaerales,o__Nitrosopumilales,f__Nitrosopumilaceae,f__Nitrosopumilaceae,NAOA6,culture-temperature,Marine mesophile,Group 1.1a,Group 1.1a-Nitrosopumilus,0.3157894736842105,0.18623481781376516,0.1508097165991903,0.03744939271255061,0.3076923076923077,0.0020242914979757085,culture,0.5473372781065088,0.5064935064935064,0,culture-temperature_Marine mesophile
TEXAS_PSM_culture_RR009,Elling2015_Culture_NA0A6_22,Elling et al. (2015) GCA,22,0.8192090395480225,2.419642857142857,0.6049107142857143,1.1161616161616161,7.1,p__Thermoproteota,p__Nitrososphaerota,c__Nitrososphaeria,c__Nitrososphaeria,o__Nitrososphaerales,o__Nitrosopumilales,f__Nitrosopumilaceae,f__Nitrosopumilaceae,NAOA6,culture-temperature,Marine mesophile,Group 1.1a,Group 1.1a-Nitrosopumilus,0.13616071428571427,0.10714285714285715,0.24665178571428575,0.22098214285714288,0.27120535714285715,0.01785714285714286,culture,0.6653746770025839,0.33424657534246577,0,culture-temperature_Marine mesophile
TEXAS_PSM_culture_RR010,Elling2015_Culture_NA0A6_28,Elling et al. (2015) GCA,28,0.8700440528634362,2.7953091684434965,0.6988272921108741,2.389380530973451,7.1,p__Thermoproteota,p__Nitrososphaerota,c__Nitrososphaeria,c__Nitrososphaeria,o__Nitrososphaerales,o__Nitrosopumilales,f__Nitrosopumilaceae,f__Nitrosopumilaceae,NAOA6,culture-temperature,Marine mesophile,Group 1.1a,Group 1.1a-Nitrosopumilus,0.07995735607675906,0.0628997867803838,0.2878464818763326,0.12046908315565033,0.43603411513859275,0.01279317697228145,culture,0.5121668597914253,0.15495867768595042,0,culture-temperature_Marine mesophile
TEXAS_PSM_culture_RR011,Elling2015_Culture_SCM1_22,Elling et al. (2015) GCA,22,0.6095890410958904,1.970408163265306,0.4926020408163265,3.53448275862069,7.0,p__Thermoproteota,p__Nitrososphaerota,c__Nitrososphaeria,c__Nitrososphaeria,o__Nitrososphaerales,o__Nitrosopumilales,f__Nitrosopumilaceae,f__Nitrosopumilaceae,SCM1,culture-temperature,Marine mesophile,Group 1.1a,Group 1.1a-Nitrosopumilus,0.2571428571428571,0.17448979591836736,0.20918367346938777,0.05918367346938775,0.29591836734693877,0.004081632653061225,culture,0.5961538461538461,0.46494464944649444,0,culture-temperature_Marine mesophile
TEXAS_PSM_culture_RR012,Elling2015_Culture_SCM1_25,Elling et al. (2015) GCA,25,0.7083333333333334,2.428571428571429,0.6071428571428572,4.263157894736842,7.0,p__Thermoproteota,p__Nitrososphaerota,c__Nitrososphaeria,c__Nitrososphaeria,o__Nitrososphaerales,o__Nitrosopumilales,f__Nitrosopumilaceae,f__Nitrosopumilaceae,SCM1,culture-temperature,Marine mesophile,Group 1.1a,Group 1.1a-Nitrosopumilus,0.15621788283658788,0.12949640287769787,0.24974306269270302,0.058581706063720464,0.39979445015416243,0.006166495375128469,culture,0.5188794153471377,0.2809611829944547,0,culture-temperature_Marine mesophile
TEXAS_PSM_culture_RR013,Elling2015_Culture_SCM1_28,Elling et al. (2015) GCA,28,0.7872340425531915,2.511603375527426,0.6279008438818565,2.8000000000000003,7.0,p__Thermoproteota,p__Nitrososphaerota,c__Nitrososphaeria,c__Nitrososphaeria,o__Nitrososphaerales,o__Nitrosopumilales,f__Nitrosopumilaceae,f__Nitrosopumilaceae,SCM1,culture-temperature,Marine mesophile,Group 1.1a,Group 1.1a-Nitrosopumilus,0.12763713080168773,0.10548523206751054,0.280590717299578,0.100210970464135,0.37658227848101267,0.009493670886075948,culture,0.5574365175332526,0.2531380753138075,0,culture-temperature_Marine mesophile
TEXAS_PSM_culture_RR014,Elling2015_Culture_SCM1_35,Elling et al. (2015) GCA,35,0.7679802955665025,3.3673367336733673,0.8418341834183418,3.2263610315186244,7.0,p__Thermoproteota,p__Nitrososphaerota,c__Nitrososphaeria,c__Nitrososphaeria,o__Nitrososphaerales,o__Nitrosopumilales,f__Nitrosopumilaceae,f__Nitrosopumilaceae,SCM1,culture-temperature,Marine mesophile,Group 1.1a,Group 1.1a-Nitrosopumilus,0.057805780578057804,0.0471047104710471,0.1126112611261126,0.0349034903490349,0.7391739173917391,0.0084008400840084,culture,0.20655981318331385,0.07253105784916551,0,culture-temperature_Marine mesophile
TEXAS_PSM_culture_RR015,Elling2017_culture_marineAOA_totalGDGTs_Nitrosopumilus adriaticus,Elling et al. (2017) Environmnental Microbiology,30,0.7805964041448128,2.5105070988505855,0.6276267747126464,0.6975115446294672,5.0,p__Thermoproteota,p__Nitrososphaerota,c__Nitrososphaeria,c__Nitrososphaeria,o__Nitrososphaerales,o__Nitrosopumilales,f__Nitrosopumilaceae,f__Nitrosopumilaceae,NF5,culture-temperature,Marine mesophile,Group 1.1a,Group 1.1a-Nitrosopumilus,0.19321984519102833,0.09644144005372439,0.12444103415472307,0.17840713191468216,0.36721835237899436,0.04027219630684771,culture,0.4949174861863984,0.344765660208032,0,culture-temperature_Marine mesophile
TEXAS_PSM_culture_RR016,Elling2017_culture_marineAOA_totalGDGTs_Nitrosopumilus maritimus,Elling et al. (2017) Environmnental Microbiology,28,0.8256263700622883,2.5936102150146425,0.6484025537536606,3.556174965695779,7.0,p__Thermoproteota,p__Nitrososphaerota,c__Nitrososphaeria,c__Nitrososphaeria,o__Nitrososphaerales,o__Nitrosopumilales,f__Nitrosopumilaceae,f__Nitrosopumilaceae,SCM1,culture-temperature,Marine mesophile,Group 1.1a,Group 1.1a-Nitrosopumilus,0.09330527875347544,0.09156333114618496,0.33249094335328877,0.09349678982632276,0.38159622338940896,0.007547433531319082,culture,0.5708107174311845,0.19647290718697816,0,culture-temperature_Marine mesophile
TEXAS_PSM_culture_RR017,Elling2017_culture_marineAOA_totalGDGTs_Nitrosopumilus piranensis D3C,Elling et al. (2017) Environmnental Microbiology,30,0.8155363946378342,2.458591008429949,0.6146477521074872,1.9655692990549012,8.0,p__Thermoproteota,p__Nitrososphaerota,c__Nitrososphaeria,c__Nitrososphaeria,o__Nitrososphaerales,o__Nitrosopumilales,f__Nitrosopumilaceae,f__Nitrosopumilaceae,D3C,culture-temperature,Marine mesophile,Group 1.1a,Group 1.1a-Nitrosopumilus,0.12034114108803616,0.10664283715799713,0.2950128236683057,0.1500902684073036,0.3015348601501465,0.026378069528210916,culture,0.6272271615794927,0.28525239818060655,0,culture-temperature_Marine mesophile
TEXAS_PSM_culture_RR018,Elling2017_culture_marineAOA_totalGDGTs_Strain NAOA2,Elling et al. (2017) Environmnental Microbiology,28,0.8665923284820538,2.5153981312852953,0.6288495328213238,1.1125126058145116,5.2,p__Thermoproteota,p__Nitrososphaerota,c__Nitrososphaeria,c__Nitrososphaeria,o__Nitrososphaerales,o__Nitrosopumilales,f__Nitrosopumilaceae,f__Nitrosopumilaceae,NAOA2,culture-temperature,Marine mesophile,Group 1.1a,Group 1.1a-Nitrosopumilus,0.1196584710436459,0.08093642718544154,0.2632610976946963,0.23663650759440438,0.2736565740019165,0.02585092247989536,culture,0.6597826109181986,0.3042305972042956,0,culture-temperature_Marine mesophile
TEXAS_PSM_culture_RR019,Elling2017_culture_marineAOA_totalGDGTs_Strain NAOA6,Elling et al. (2017) Environmnental Microbiology,28,0.8206567534100724,2.379981002069767,0.5949952505174417,1.0543766158987005,7.1,p__Thermoproteota,p__Nitrososphaerota,c__Nitrososphaeria,c__Nitrososphaeria,o__Nitrososphaerales,o__Nitrosopumilales,f__Nitrosopumilaceae,f__Nitrosopumilaceae,NAOA6,culture-temperature,Marine mesophile,Group 1.1a,Group 1.1a-Nitrosopumilus,0.1408530925685104,0.10882306817255984,0.24763619623313746,0.2348650306722367,0.2523603668633557,0.015462245490199762,culture,0.6882691306493327,0.35821025244665267,0,culture-temperature_Marine mesophile
TEXAS_PSM_culture_RR020,Qin2015_001_Nitrosopumilus maritimus SCM1_Culture_T15,Qin et al. (2015) PNAS,15,0.45662100456621,2.2073,0.551825,2.0023364485981308,7.0,p__Thermoproteota,p__Nitrososphaerota,c__Nitrososphaeria,c__Nitrososphaeria,o__Nitrososphaerales,o__Nitrosopumilales,f__Nitrosopumilaceae,f__Nitrosopumilaceae,SCM1,culture-temperature,Marine mesophile,Group 1.1a,Group 1.1a-Nitrosopumilus,0.2786,0.1547,0.0857,0.042800000000000005,0.43670000000000003,0.0015,culture,0.39257000277238707,0.38948692856144274,0,culture-temperature_Marine mesophile
TEXAS_PSM_culture_RR021,Qin2015_002_Nitrosopumilus maritimus SCM1_Culture_T20,Qin et al. (2015) PNAS,20,0.5244444444444444,2.4128999999999996,0.6032249999999999,2.544600938967136,7.0,p__Thermoproteota,p__Nitrososphaerota,c__Nitrososphaeria,c__Nitrososphaeria,o__Nitrososphaerales,o__Nitrosopumilales,f__Nitrosopumilaceae,f__Nitrosopumilaceae,SCM1,culture-temperature,Marine mesophile,Group 1.1a,Group 1.1a-Nitrosopumilus,0.22760000000000002,0.1391,0.1084,0.0426,0.4799,0.0024,culture,0.3755825996892802,0.321696113074205,0,culture-temperature_Marine mesophile
TEXAS_PSM_culture_RR022,Qin2015_003_Nitrosopumilus maritimus SCM1_Culture_T25,Qin et al. (2015) PNAS,25,0.5087862689006946,2.5805999999999996,0.6451499999999999,1.5378151260504203,7.0,p__Thermoproteota,p__Nitrososphaerota,c__Nitrososphaeria,c__Nitrososphaeria,o__Nitrososphaerales,o__Nitrosopumilales,f__Nitrosopumilaceae,f__Nitrosopumilaceae,SCM1,culture-temperature,Marine mesophile,Group 1.1a,Group 1.1a-Nitrosopumilus,0.2162,0.1202,0.0732,0.047599999999999996,0.5390999999999999,0.0037,culture,0.3074763970400613,0.28624387660532247,0,culture-temperature_Marine mesophile
TEXAS_PSM_culture_RR023,Qin2015_004_Nitrosopumilus maritimus SCM1_Culture_T30,Qin et al. (2015) PNAS,30,0.5979123173277662,2.9412000000000003,0.7353000000000001,2.1441647597254003,7.0,p__Thermoproteota,p__Nitrososphaerota,c__Nitrososphaeria,c__Nitrososphaeria,o__Nitrososphaerales,o__Nitrosopumilales,f__Nitrosopumilaceae,f__Nitrosopumilaceae,SCM1,culture-temperature,Marine mesophile,Group 1.1a,Group 1.1a-Nitrosopumilus,0.13470000000000001,0.09630000000000002,0.0937,0.04370000000000001,0.6258,0.0058000000000000005,culture,0.27007974113024386,0.17712031558185404,0,culture-temperature_Marine mesophile
TEXAS_PSM_culture_RR024,Qin2015_005_Nitrosopumilus maritimus SCM1_Culture_T33,Qin et al. (2015) PNAS,33,0.7237966711650923,3.2992000000000004,0.8248000000000001,3.3623595505617976,7.0,p__Thermoproteota,p__Nitrososphaerota,c__Nitrososphaeria,c__Nitrososphaeria,o__Nitrososphaerales,o__Nitrosopumilales,f__Nitrosopumilaceae,f__Nitrosopumilaceae,SCM1,culture-temperature,Marine mesophile,Group 1.1a,Group 1.1a-Nitrosopumilus,0.0604,0.061399999999999996,0.1197,0.0356,0.7173,0.005600000000000001,culture,0.23063005534269898,0.07766490934807767,0,culture-temperature_Marine mesophile
TEXAS_PSM_culture_RR025,Qin2015_006_Nitrosopumilus maritimus SCM1_Culture_T35,Qin et al. (2015) PNAS,35,0.7679802955665025,3.3673367336733673,0.8418341834183418,3.2263610315186244,7.0,p__Thermoproteota,p__Nitrososphaerota,c__Nitrososphaeria,c__Nitrososphaeria,o__Nitrososphaerales,o__Nitrosopumilales,f__Nitrosopumilaceae,f__Nitrosopumilaceae,SCM1,culture-temperature,Marine mesophile,Group 1.1a,Group 1.1a-Nitrosopumilus,0.057805780578057804,0.0471047104710471,0.1126112611261126,0.0349034903490349,0.7391739173917391,0.0084008400840084,culture,0.20655981318331385,0.07253105784916551,0,culture-temperature_Marine mesophile
TEXAS_PSM_culture_RR026,Qin2015_007_Nitrosopumilus cobalaminigenes HCA1_Culture_T10,Qin et al. (2015) PNAS,10,0.5042944785276073,1.4463,0.361575,1.222222222222222,2.0,p__Thermoproteota,p__Nitrososphaerota,c__Nitrososphaeria,c__Nitrososphaeria,o__Nitrososphaerales,o__Nitrosopumilales,f__Nitrosopumilaceae,f__Nitrosopumilaceae,HCA1,culture-temperature,Marine mesophile,Group 1.1a,Group 1.1a-Nitrosopumilus,0.5934,0.0404,0.0209,0.0171,0.3251,0.0031,culture,0.1928184948352189,0.646053347849755,0,culture-temperature_Marine mesophile
TEXAS_PSM_culture_RR027,Qin2015_008_Nitrosopumilus cobalaminigenes HCA1_Culture_T15,Qin et al. (2015) PNAS,15,0.5380359612724759,1.5411000000000001,0.38527500000000003,1.0994152046783623,2.0,p__Thermoproteota,p__Nitrososphaerota,c__Nitrososphaeria,c__Nitrososphaeria,o__Nitrososphaerales,o__Nitrosopumilales,f__Nitrosopumilaceae,f__Nitrosopumilaceae,HCA1,culture-temperature,Marine mesophile,Group 1.1a,Group 1.1a-Nitrosopumilus,0.5760000000000001,0.0334,0.018799999999999997,0.0171,0.3517,0.003,culture,0.16344339622641507,0.620890374043333,0,culture-temperature_Marine mesophile
TEXAS_PSM_culture_RR028,Qin2015_009_Nitrosopumilus cobalaminigenes HCA1_Culture_T20,Qin et al. (2015) PNAS,20,0.5616921269095183,1.8104,0.4526,1.102325581395349,2.0,p__Thermoproteota,p__Nitrososphaerota,c__Nitrososphaeria,c__Nitrososphaeria,o__Nitrososphaerales,o__Nitrosopumilales,f__Nitrosopumilaceae,f__Nitrosopumilaceae,HCA1,culture-temperature,Marine mesophile,Group 1.1a,Group 1.1a-Nitrosopumilus,0.5022,0.0373,0.023700000000000002,0.0215,0.4127,0.0026,culture,0.16572920851747688,0.5489124494480271,0,culture-temperature_Marine mesophile
TEXAS_PSM_culture_RR029,Qin2015_010_Nitrosopumilus cobalaminigenes HCA1_Culture_T25,Qin et al. (2015) PNAS,25,0.5538005923000986,2.2612000000000005,0.5653000000000001,1.0669291338582678,2.0,p__Thermoproteota,p__Nitrososphaerota,c__Nitrososphaeria,c__Nitrososphaeria,o__Nitrososphaerales,o__Nitrosopumilales,f__Nitrosopumilaceae,f__Nitrosopumilaceae,HCA1,culture-temperature,Marine mesophile,Group 1.1a,Group 1.1a-Nitrosopumilus,0.3809,0.0452,0.0271,0.0254,0.5178,0.0036,culture,0.15780972379260216,0.4238344275063981,0,culture-temperature_Marine mesophile
TEXAS_PSM_culture_RR030,Qin2015_011_Nitrosopumilus cobalaminigenes HCA1_Culture_T30,Qin et al. (2015) PNAS,30,0.4980940279542565,2.7384,0.6846,1.3586206896551725,2.0,p__Thermoproteota,p__Nitrososphaerota,c__Nitrososphaeria,c__Nitrososphaeria,o__Nitrososphaerales,o__Nitrosopumilales,f__Nitrosopumilaceae,f__Nitrosopumilaceae,HCA1,culture-temperature,Marine mesophile,Group 1.1a,Group 1.1a-Nitrosopumilus,0.2723,0.0395,0.0197,0.014499999999999999,0.649,0.005,culture,0.1012779991754844,0.29556062086182566,0,culture-temperature_Marine mesophile
TEXAS_PSM_culture_RR031,Qin2015_012_Nitrosopumilus oxyclinae HCE1_Culture_T10,Qin et al. (2015) PNAS,10,0.47627416520210897,1.5945,0.398625,1.072,1.0,p__Thermoproteota,p__Nitrososphaerota,c__Nitrososphaeria,c__Nitrososphaeria,o__Nitrososphaerales,o__Nitrosopumilales,f__Nitrosopumilaceae,f__Nitrosopumilaceae,HCE1,culture-temperature,Marine mesophile,Group 1.1a,Group 1.1a-Nitrosopumilus,0.5692,0.0298,0.0134,0.0125,0.3739,0.0012,culture,0.12929433611884866,0.6035415120347789,0,culture-temperature_Marine mesophile
TEXAS_PSM_culture_RR032,Qin2015_013_Nitrosopumilus oxyclinae HCE1_Culture_T15,Qin et al. (2015) PNAS,15,0.5383304940374787,1.7148999999999996,0.4287249999999999,0.9733333333333334,1.0,p__Thermoproteota,p__Nitrososphaerota,c__Nitrososphaeria,c__Nitrososphaeria,o__Nitrososphaerales,o__Nitrosopumilales,f__Nitrosopumilaceae,f__Nitrosopumilaceae,HCE1,culture-temperature,Marine mesophile,Group 1.1a,Group 1.1a-Nitrosopumilus,0.5398999999999999,0.027099999999999996,0.014599999999999998,0.014999999999999998,0.4013999999999999,0.002,culture,0.12323407954792438,0.5735684691384256,0,culture-temperature_Marine mesophile
TEXAS_PSM_culture_RR033,Qin2015_014_Nitrosopumilus oxyclinae HCE1_Culture_T20,Qin et al. (2015) PNAS,20,0.5352564102564104,1.9331933193319335,0.4832983298329834,0.9683544303797468,1.0,p__Thermoproteota,p__Nitrososphaerota,c__Nitrososphaeria,c__Nitrososphaeria,o__Nitrososphaerales,o__Nitrosopumilales,f__Nitrosopumilaceae,f__Nitrosopumilaceae,HCE1,culture-temperature,Marine mesophile,Group 1.1a,Group 1.1a-Nitrosopumilus,0.48334833483348333,0.029002900290029002,0.015301530153015303,0.015801580158015804,0.4542454245424543,0.0023002300230023005,culture,0.11633759194734802,0.51552,0,culture-temperature_Marine mesophile
TEXAS_PSM_culture_RR034,Qin2015_015_Nitrosopumilus oxyclinae HCE1_Culture_T22,Qin et al. (2015) PNAS,22,0.46325878594249204,2.0994,0.52485,1.0681818181818181,1.0,p__Thermoproteota,p__Nitrososphaerota,c__Nitrososphaeria,c__Nitrososphaeria,o__Nitrososphaerales,o__Nitrosopumilales,f__Nitrosopumilaceae,f__Nitrosopumilaceae,HCE1,culture-temperature,Marine mesophile,Group 1.1a,Group 1.1a-Nitrosopumilus,0.4396,0.0336,0.0141,0.0132,0.4978,0.0017000000000000001,culture,0.10867237687366166,0.46895668871346274,0,culture-temperature_Marine mesophile
TEXAS_PSM_culture_RR035,Qin2015_016_Nitrosopumilus oxyclinae HCE1_Culture_T25,Qin et al. (2015) PNAS,25,0.4220183486238532,2.2954,0.57385,1.5208333333333335,1.0,p__Thermoproteota,p__Nitrososphaerota,c__Nitrososphaeria,c__Nitrososphaeria,o__Nitrososphaerales,o__Nitrosopumilales,f__Nitrosopumilaceae,f__Nitrosopumilaceae,HCE1,culture-temperature,Marine mesophile,Group 1.1a,Group 1.1a-Nitrosopumilus,0.3881,0.0378,0.0146,0.0096,0.5465,0.0034000000000000002,culture,0.10132374571008335,0.4152578643269848,0,culture-temperature_Marine mesophile
TEXAS_PSM_culture_RR036,Qin2015_017_Nitrosopumilus ureiphilus PS0_Culture_T25,Qin et al. (2015) PNAS,25,0.3785784797630799,2.4801999999999995,0.6200499999999999,3.021857923497268,4.0,p__Thermoproteota,p__Nitrososphaerota,c__Nitrososphaeria,c__Nitrososphaeria,o__Nitrososphaerales,o__Nitrosopumilales,f__Nitrosopumilaceae,f__Nitrosopumilaceae,PS0,culture-temperature,Marine mesophile,Group 1.1a,Group 1.1a-Nitrosopumilus,0.25329999999999997,0.1259,0.0553,0.0183,0.5440999999999999,0.0031,culture,0.267175572519084,0.317657386506145,0,culture-temperature_Marine mesophile
TEXAS_PSM_culture_RR037,Qin2015_018_Nitrosopumilus maritimus SCM1_T30_oxy01,Qin et al. (2015) PNAS,30,0.8944075087993743,3.3674982466686703,0.8418745616671676,3.3266533066132262,7.0,p__Thermoproteota,p__Nitrososphaerota,c__Nitrososphaeria,c__Nitrososphaeria,o__Nitrososphaerales,o__Nitrosopumilales,f__Nitrosopumilaceae,f__Nitrosopumilaceae,SCM1,culture-oxygen,Marine mesophile,Group 1.1a,Group 1.1a-Nitrosopumilus,0.042180142270313595,0.02705139765554554,0.16631600040076144,0.04999499048191564,0.7016331028955014,0.012824366295962328,culture,0.2540794979079498,0.056707974137931036,0,culture-oxygen_Marine mesophile
TEXAS_PSM_culture_RR038,Qin2015_019_Nitrosopumilus maritimus SCM1_T30_oxy1,Qin et al. (2015) PNAS,30,0.8721774193548388,3.3841384138413835,0.8460346034603459,3.8806682577565628,7.0,p__Thermoproteota,p__Nitrososphaerota,c__Nitrososphaeria,c__Nitrososphaeria,o__Nitrososphaerales,o__Nitrosopumilales,f__Nitrosopumilaceae,f__Nitrosopumilaceae,SCM1,culture-oxygen,Marine mesophile,Group 1.1a,Group 1.1a-Nitrosopumilus,0.0384038403840384,0.0317031703170317,0.1626162616261626,0.041904190419041906,0.7135713571357134,0.0118011801180118,culture,0.24565782631305255,0.05107062109323049,0,culture-oxygen_Marine mesophile
TEXAS_PSM_culture_RR039,Qin2015_020_Nitrosopumilus maritimus SCM1_T30_oxy5,Qin et al. (2015) PNAS,30,0.7454410122813546,3.1422569027611047,0.7855642256902762,3.4511627906976745,7.0,p__Thermoproteota,p__Nitrososphaerota,c__Nitrososphaeria,c__Nitrososphaeria,o__Nitrososphaerales,o__Nitrosopumilales,f__Nitrosopumilaceae,f__Nitrosopumilaceae,SCM1,culture-oxygen,Marine mesophile,Group 1.1a,Group 1.1a-Nitrosopumilus,0.0781312525010004,0.06842737094837935,0.1484593837535014,0.0430172068827531,0.653061224489796,0.008903561424569828,culture,0.28193163320672815,0.10685456286769736,0,culture-oxygen_Marine mesophile
TEXAS_PSM_culture_RR040,Qin2015_021_Nitrosopumilus maritimus SCM1_T30_oxy10,Qin et al. (2015) PNAS,30,0.7211881188118812,3.1198959167333866,0.7799739791833467,3.2283653846153846,7.0,p__Thermoproteota,p__Nitrososphaerota,c__Nitrososphaeria,c__Nitrososphaeria,o__Nitrososphaerales,o__Nitrosopumilales,f__Nitrosopumilaceae,f__Nitrosopumilaceae,SCM1,culture-oxygen,Marine mesophile,Group 1.1a,Group 1.1a-Nitrosopumilus,0.08957165732586068,0.07045636509207366,0.13440752602081665,0.041633306645316254,0.6577261809447558,0.006204963971176942,culture,0.27074859843904586,0.11986072050354894,0,culture-oxygen_Marine mesophile
TEXAS_PSM_culture_RR041,Qin2015_022_Nitrosopumilus maritimus SCM1_T30_oxy21,Qin et al. (2015) PNAS,30,0.6855670103092782,3.056601883390102,0.7641504708475255,2.915492957746479,7.0,p__Thermoproteota,p__Nitrososphaerota,c__Nitrososphaeria,c__Nitrososphaeria,o__Nitrososphaerales,o__Nitrosopumilales,f__Nitrosopumilaceae,f__Nitrosopumilaceae,SCM1,culture-oxygen,Marine mesophile,Group 1.1a,Group 1.1a-Nitrosopumilus,0.1033860949709477,0.07944299739531155,0.12442396313364054,0.0426768182728912,0.6439591264275696,0.00611099979963935,culture,0.27497206703910615,0.1383378016085791,0,culture-oxygen_Marine mesophile
TEXAS_PSM_culture_RR042,Qin2015_023_Nitrosopumilus ureiphilus PS0_T26_oxy01,Qin et al. (2015) PNAS,26,0.8302040816326531,2.8534560368110435,0.7133640092027609,8.598726114649681,4.0,p__Thermoproteota,p__Nitrososphaerota,c__Nitrososphaeria,c__Nitrososphaeria,o__Nitrososphaerales,o__Nitrosopumilales,f__Nitrosopumilaceae,f__Nitrosopumilaceae,PS0,culture-oxygen,Marine mesophile,Group 1.1a,Group 1.1a-Nitrosopumilus,0.09692907872361708,0.06241872561768531,0.2700810243072922,0.031409422826848055,0.5354606381914575,0.00370111033309993,culture,0.40296854231280455,0.15327428029104712,0,culture-oxygen_Marine mesophile
TEXAS_PSM_culture_RR043,Qin2015_024_Nitrosopumilus ureiphilus PS0_T26_oxy02,Qin et al. (2015) PNAS,26,0.8009801252382249,2.856128064032016,0.714032016008004,7.350574712643677,4.0,p__Thermoproteota,p__Nitrososphaerota,c__Nitrososphaeria,c__Nitrososphaeria,o__Nitrososphaerales,o__Nitrosopumilales,f__Nitrosopumilaceae,f__Nitrosopumilaceae,PS0,culture-oxygen,Marine mesophile,Group 1.1a,Group 1.1a-Nitrosopumilus,0.0944472236118059,0.07313656828414207,0.25592796398199097,0.034817408704352175,0.5380690345172586,0.003601800900450225,culture,0.4018340514860236,0.14931983549509648,0,culture-oxygen_Marine mesophile
TEXAS_PSM_culture_RR044,Qin2015_025_Nitrosopumilus ureiphilus PS0_T26_oxy05,Qin et al. (2015) PNAS,26,0.736403069736403,2.984593837535014,0.7461484593837535,6.003267973856209,4.0,p__Thermoproteota,p__Nitrososphaerota,c__Nitrososphaeria,c__Nitrososphaeria,o__Nitrososphaerales,o__Nitrosopumilales,f__Nitrosopumilaceae,f__Nitrosopumilaceae,PS0,culture-oxygen,Marine mesophile,Group 1.1a,Group 1.1a-Nitrosopumilus,0.09503801520608243,0.07903161264505804,0.18377350940376153,0.030612244897959186,0.6051420568227291,0.006402561024409764,culture,0.3242317046208269,0.13573367623946275,0,culture-oxygen_Marine mesophile
TEXAS_PSM_culture_RR045,Qin2015_026_Nitrosopumilus ureiphilus PS0_T26_oxy1,Qin et al. (2015) PNAS,26,0.6792587312900926,2.923469387755102,0.7308673469387755,5.881040892193309,4.0,p__Thermoproteota,p__Nitrososphaerota,c__Nitrososphaeria,c__Nitrososphaeria,o__Nitrososphaerales,o__Nitrosopumilales,f__Nitrosopumilaceae,f__Nitrosopumilaceae,PS0,culture-oxygen,Marine mesophile,Group 1.1a,Group 1.1a-Nitrosopumilus,0.11574629851940778,0.09003601440576231,0.15826330532212887,0.02691076430572229,0.6035414165666266,0.0055022008803521415,culture,0.31123430252290984,0.1609179415855355,0,culture-oxygen_Marine mesophile
TEXAS_PSM_culture_RR046,Qin2015_027_Nitrosopumilus ureiphilus PS0_T26_oxy5,Qin et al. (2015) PNAS,26,0.5943322981366459,2.8171903141885135,0.7042975785471284,5.5840707964601775,4.0,p__Thermoproteota,p__Nitrososphaerota,c__Nitrososphaeria,c__Nitrososphaeria,o__Nitrososphaerales,o__Nitrosopumilales,f__Nitrosopumilaceae,f__Nitrosopumilaceae,PS0,culture-oxygen,Marine mesophile,Group 1.1a,Group 1.1a-Nitrosopumilus,0.14848909345607364,0.10456273764258554,0.12627576545927557,0.02261356814088453,0.5937562537522514,0.0043025815489293575,culture,0.29764982373678023,0.2000539228902669,0,culture-oxygen_Marine mesophile
TEXAS_PSM_culture_RR047,Qin2015_028_Nitrosopumilus ureiphilus PS0_T26_oxy10,Qin et al. (2015) PNAS,26,0.5428802588996764,2.7618856971274144,0.6904714242818536,4.86936936936937,4.0,p__Thermoproteota,p__Nitrososphaerota,c__Nitrososphaeria,c__Nitrososphaeria,o__Nitrososphaerales,o__Nitrosopumilales,f__Nitrosopumilaceae,f__Nitrosopumilaceae,PS0,culture-oxygen,Marine mesophile,Group 1.1a,Group 1.1a-Nitrosopumilus,0.16504854368932034,0.1131017916124512,0.10819737763987589,0.022219997998198376,0.5875287758983084,0.003903513161845661,culture,0.2916566770558619,0.21931107860087776,0,culture-oxygen_Marine mesophile
TEXAS_PSM_culture_RR048,Qin2015_029_Nitrosopumilus ureiphilus PS0_T26_oxy21,Qin et al. (2015) PNAS,26,0.4548372306281523,2.6858486789431546,0.6714621697357886,3.9639175257731964,4.0,p__Thermoproteota,p__Nitrososphaerota,c__Nitrososphaeria,c__Nitrososphaeria,o__Nitrososphaerales,o__Nitrosopumilales,f__Nitrosopumilaceae,f__Nitrosopumilaceae,PS0,culture-oxygen,Marine mesophile,Group 1.1a,Group 1.1a-Nitrosopumilus,0.19595676541232984,0.11899519615692554,0.07696156925540433,0.01941553242594075,0.5857686148919136,0.0029023218574859887,culture,0.2678615882499378,0.25067212904877734,0,culture-oxygen_Marine mesophile
TEXAS_PSM_culture_RR049,Hurley2016_N. maritimus SCM1_T28_pH7.6_slowGrowthRate,Hurley et al. (2016) PNAS,28,0.7999999994571427,2.9052631570947374,0.7263157892736843,2.857142841632653,7.0,p__Thermoproteota,p__Nitrososphaerota,c__Nitrososphaeria,c__Nitrososphaeria,o__Nitrososphaerales,o__Nitrosopumilales,f__Nitrosopumilaceae,f__Nitrosopumilaceae,SCM1,culture-growth-rate,Marine mesophile,Group 1.1a,Group 1.1a-Nitrosopumilus,0.09473684190526317,0.0736842109263158,0.2105263157894737,0.0736842109263158,0.5368421044631579,0.010526315989473687,culture,0.39534883800567877,0.14999999992083332,0,culture-growth-rate_Marine mesophile
TEXAS_PSM_culture_RR050,Hurley2016_N. maritimus SCM1_T28_pH7.6_intermediateGrowthRate,Hurley et al. (2016) PNAS,28,0.7027027017311906,2.6210526319999996,0.6552631579999999,2.12500000296875,7.0,p__Thermoproteota,p__Nitrososphaerota,c__Nitrososphaeria,c__Nitrososphaeria,o__Nitrososphaerales,o__Nitrosopumilales,f__Nitrosopumilaceae,f__Nitrosopumilaceae,SCM1,culture-growth-rate,Marine mesophile,Group 1.1a,Group 1.1a-Nitrosopumilus,0.147368421,0.115789474,0.178947368,0.084210526,0.463157895,0.010526316,culture,0.44444444392318244,0.24137931017538647,0,culture-growth-rate_Marine mesophile
TEXAS_PSM_culture_RR051,Hurley2016_N. maritimus SCM1_T28_pH7.6_fastGrowthRate,Hurley et al. (2016) PNAS,28,0.6857142850236735,2.56382978743617,0.6409574468590425,1.8749999985312502,7.0,p__Thermoproteota,p__Nitrososphaerota,c__Nitrososphaeria,c__Nitrososphaeria,o__Nitrososphaerales,o__Nitrosopumilales,f__Nitrosopumilaceae,f__Nitrosopumilaceae,SCM1,culture-growth-rate,Marine mesophile,Group 1.1a,Group 1.1a-Nitrosopumilus,0.17021276582978725,0.11702127688297875,0.15957446784042556,0.08510638291489363,0.45744680854255326,0.010638297989361703,culture,0.4358974358047337,0.27118644051594365,0,culture-growth-rate_Marine mesophile
TEXAS_PSM_culture_RR052,Pitcher2011_Ca Nitrosoarchaeum limnia SFB1_T22_pH,Pitcher et al. (2011) AEM,22,0.2735042735042735,1.8138528138528138,0.45346320346320346,5.0,10.0,p__Thermoproteota,p__Nitrososphaerota,c__Nitrososphaeria,c__Nitrososphaeria,o__Nitrososphaerales,o__Nitrosopumilales,f__Nitrosopumilaceae,f__Nitrosopumilaceae,SFB1,culture-temperature,Marine mesophile,Group 1.1a,Group 1.1a-Nitrosopumilus,0.3787878787878787,0.18398268398268397,0.054112554112554105,0.01082251082251082,0.36796536796536794,0.004329004329004328,culture,0.4006968641114983,0.5072463768115941,0,culture-temperature_Marine mesophile
TEXAS_PSM_culture_RR053,Pitcher2011_SJ_T25_pH8.2,Pitcher et al. (2011) AEM,25,0.7142857142857142,1.9743589743589742,0.49358974358974356,1.375,8.1,p__Thermoproteota,p__Nitrososphaerota,c__Nitrososphaeria,c__Nitrososphaeria,o__Nitrososphaerales,o__Nitrosopumilales,f__Nitrosopumilaceae,f__Nitrosopumilaceae,SJ,culture-temperature,Marine mesophile,Group 1.1a,Group 1.1a-Nitrosopumilus,0.3333333333333333,0.10256410256410256,0.14102564102564102,0.10256410256410256,0.30769230769230765,0.01282051282051282,culture,0.5192307692307694,0.52,0,culture-temperature_Marine mesophile
TEXAS_PSM_culture_RR054,Pitcher2011_AR1_T25_pH8.2,Pitcher et al. (2011) AEM,25,0.576271186440678,2.0357142857142856,0.5089285714285714,2.2499999999999996,6.0,p__Thermoproteota,p__Nitrososphaerota,c__Nitrososphaeria,c__Nitrososphaeria,o__Nitrososphaerales,o__Nitrosopumilales,f__Nitrosopumilaceae,f__Nitrosopumilaceae,AR1,culture-temperature,Marine mesophile,Group 1.1a,Group 1.1a-Nitrosopumilus,0.34598214285714285,0.11160714285714286,0.10044642857142856,0.044642857142857144,0.39062499999999994,0.006696428571428571,culture,0.3924914675767918,0.4696969696969697,0,culture-temperature_Marine mesophile
TEXAS_PSM_culture_RR055,SinningheDamste2012_Ca Nitrosoarchaeum koreensis MY1T_T25_pH6.9,Sinninghe Damste et al. (2012) AEM,25,0.5773480662983426,2.427071178529755,0.6067677946324388,2.5999999999999996,9.0,p__Thermoproteota,p__Nitrososphaerota,c__Nitrososphaeria,c__Nitrososphaeria,o__Nitrososphaerales,o__Nitrosopumilales,f__Nitrosopumilaceae,f__Nitrosopumilaceae,MY1T,culture-temperature,Soil mesophile,Group 1.1a,Group 1.1a-Nitrosopumilus,0.15985997666277715,0.1785297549591599,0.16686114352392067,0.06417736289381565,0.4177362893815636,0.01283547257876313,culture,0.48750000000000004,0.2767676767676768,0,culture-temperature_Soil mesophile
TEXAS_PSM_culture_RR056,SinningheDamste2012_Ca Nitrososphaera JG1_T37_pH6.5,Sinninghe Damste et al. (2012) AEM,37,0.8467432950191571,3.3917525773195876,0.8479381443298969,0.6799999999999999,25.1,p__Thermoproteota,p__Nitrososphaerota,c__Nitrososphaeria,c__Nitrososphaeria,o__Nitrososphaerales,o__Nitrosopumilales,f__Nitrosopumilaceae,f__Nitrosopumilaceae,JG1,culture-temperature,Soil mesophile,Group 1.1b,Group 1.1b-Nitrososphaera,0.04982817869415807,0.06872852233676975,0.05841924398625429,0.0859106529209622,0.5017182130584192,0.2353951890034364,culture,0.22423146473779385,0.09034267912772584,0,culture-temperature_Soil mesophile
TEXAS_PSM_culture_RR057,Schouten2008_Nitrosopumilus maritimus SCM1_culture_T28_pH7.1,Schouten et al. (2008) AEM,28,0.6645962732919253,2.8841059602649013,0.7210264900662253,1.547619047619048,7.0,p__Thermoproteota,p__Nitrososphaerota,c__Nitrososphaeria,c__Nitrososphaeria,o__Nitrososphaerales,o__Nitrosopumilales,f__Nitrosopumilaceae,f__Nitrosopumilaceae,SCM1,culture-temperature,Marine mesophile,Group 1.1a,Group 1.1a-Nitrosopumilus,0.14072847682119174,0.08940397350993387,0.10761589403973515,0.06953642384105962,0.5927152317880796,0.0,culture,0.31021194605009644,0.1918735891647852,0,culture-temperature_Marine mesophile
TEXAS_PSM_culture_RR058,SinningheDamster2002_Ca Cenarchaeum symbiosum A_culture_T10,Sinninghe Damste et al. (2002) Journal of Lipid Research,10,0.125,2.4200000000000004,0.6050000000000001,inf,11.0,p__Thermoproteota,p__Nitrososphaerota,c__Nitrososphaeria,c__Nitrososphaeria,o__Nitrososphaerales,o__Cenarchaeales,f__Nitrosopumilaceae,f__Cenarchaeaceae,A,culture-temperature,Marine mesophile,Group 1.1a,Group 1.1a-Nitrosopumilus,0.28,0.14,0.02,0.0,0.56,0.0,culture,0.2222222222222222,0.3333333333333333,0,culture-temperature_Marine mesophile
TEXAS_PSM_culture_RR059,Jung2011_Ca Nitrosoarchaeum koreense MY1T_culture_T25,Jung et al. (2011) AEM,25,0.6068796068796068,2.7162329615861216,0.6790582403965304,2.105263157894737,9.0,p__Thermoproteota,p__Nitrososphaerota,c__Nitrososphaeria,c__Nitrososphaeria,o__Nitrososphaerales,o__Nitrosopumilales,f__Nitrosopumilaceae,f__Nitrosopumilaceae,MY1T,culture-temperature,Soil mesophile,Group 1.1a,Group 1.1a-Nitrosopumilus,0.04956629491945478,0.19826517967781912,0.19826517967781912,0.09417596034696407,0.446096654275093,0.013630731102850065,culture,0.516297262059974,0.1,0,culture-temperature_Soil mesophile
TEXAS_PSM_culture_RR060,Jung2014_Ca Nitrosotenuis chungbukensis MY2_culture_T25,Jung et al. (2014) AEM,25,0.3203883495145631,1.9425403225806452,0.4856350806451613,1.4705882352941175,14.0,p__Thermoproteota,p__Nitrososphaerota,c__Nitrososphaeria,c__,o__Nitrososphaerales,o__,f__Nitrosopumilaceae,f__,MY2,culture-temperature,Soil mesophile,Group 1.1a,Group 1.1a-Nitrosopumilus,0.2520161290322581,0.28225806451612906,0.07560483870967742,0.05141129032258065,0.3326612903225807,0.006048387096774194,culture,0.5471698113207547,0.4310344827586208,0,culture-temperature_Soil mesophile
TEXAS_PSM_culture_RR061,Varma2024_Nitrosopumilus piranesis D3C_culture_C-GDGT_T25_midExpo,Verma et al. (2024) Biogeosciences,25,0.3388157894736842,1.334371754932503,0.33359293873312573,3.25,8.0,p__Thermoproteota,p__Nitrososphaerota,c__Nitrososphaeria,c__Nitrososphaeria,o__Nitrososphaerales,o__Nitrosopumilales,f__Nitrosopumilaceae,f__Nitrosopumilaceae,D3C,culture-temperature,Marine mesophile,Group 1.1a,Group 1.1a-Nitrosopumilus,0.4631360332294912,0.20872274143302183,0.08099688473520249,0.024922118380062305,0.22118380062305298,0.001038421599169263,culture,0.5860735009671181,0.676783004552352,0,culture-temperature_Marine mesophile
TEXAS_PSM_culture_RR062,Varma2024_Nitrosopumilus piranesis D3C_culture_C-GDGT_T30_midExpo,Verma et al. (2024) Biogeosciences,30,0.411042944785276,1.6505376344086022,0.41263440860215056,3.586206896551724,8.0,p__Thermoproteota,p__Nitrososphaerota,c__Nitrososphaeria,c__Nitrososphaeria,o__Nitrososphaerales,o__Nitrosopumilales,f__Nitrosopumilaceae,f__Nitrosopumilaceae,D3C,culture-temperature,Marine mesophile,Group 1.1a,Group 1.1a-Nitrosopumilus,0.36881720430107523,0.2064516129032258,0.11182795698924732,0.03118279569892473,0.2806451612903226,0.001075268817204301,culture,0.5536626916524702,0.5678807947019867,0,culture-temperature_Marine mesophile
TEXAS_PSM_culture_RR063,Varma2024_Nitrosopumilus piranesis D3C_culture_C-GDGT_T35_midExpo,Verma et al. (2024) Biogeosciences,35,0.5131086142322097,2.2052194543297747,0.5513048635824437,3.0606060606060606,8.0,p__Thermoproteota,p__Nitrososphaerota,c__Nitrososphaeria,c__Nitrososphaeria,o__Nitrososphaerales,o__Nitrosopumilales,f__Nitrosopumilaceae,f__Nitrosopumilaceae,D3C,culture-temperature,Marine mesophile,Group 1.1a,Group 1.1a-Nitrosopumilus,0.26334519572953735,0.1542111506524318,0.11981020166073547,0.03914590747330961,0.4199288256227758,0.0035587188612099642,culture,0.4251207729468599,0.38541666666666663,0,culture-temperature_Marine mesophile
TEXAS_PSM_culture_RR064,Varma2024_Nitrosopumilus piranesis D3C_culture_C-GDGT_T25_stationaryPhase,Verma et al. (2024) Biogeosciences,25,0.3872679045092838,1.3756558237145855,0.3439139559286464,3.5,8.0,p__Thermoproteota,p__Nitrososphaerota,c__Nitrososphaeria,c__Nitrososphaeria,o__Nitrososphaerales,o__Nitrosopumilales,f__Nitrosopumilaceae,f__Nitrosopumilaceae,D3C,culture-temperature,Marine mesophile,Group 1.1a,Group 1.1a-Nitrosopumilus,0.4071353620146904,0.242392444910808,0.11752360965372508,0.033578174186778595,0.19727177334732426,0.002098635886673662,culture,0.663716814159292,0.6736111111111112,0,culture-temperature_Marine mesophile
TEXAS_PSM_culture_RR065,Varma2024_Nitrosopumilus piranesis D3C_culture_C-GDGT_T30_stationaryPhase,Verma et al. (2024) Biogeosciences,30,0.4508196721311475,1.6388583973655322,0.40971459934138305,4.124999999999999,8.0,p__Thermoproteota,p__Nitrososphaerota,c__Nitrososphaeria,c__Nitrososphaeria,o__Nitrososphaerales,o__Nitrosopumilales,f__Nitrosopumilaceae,f__Nitrosopumilaceae,D3C,culture-temperature,Marine mesophile,Group 1.1a,Group 1.1a-Nitrosopumilus,0.3435784851811196,0.22063666300768386,0.14489571899012071,0.03512623490669594,0.2546652030735455,0.0010976948408342481,culture,0.6103678929765887,0.5743119266055046,0,culture-temperature_Marine mesophile
TEXAS_PSM_culture_RR066,Varma2024_Nitrosopumilus piranesis D3C_culture_C-GDGT_T35_stationaryPhase,Verma et al. (2024) Biogeosciences,35,0.6142857142857143,2.330985915492958,0.5827464788732395,2.8604651162790704,8.0,p__Thermoproteota,p__Nitrososphaerota,c__Nitrososphaeria,c__Nitrososphaeria,o__Nitrososphaerales,o__Nitrosopumilales,f__Nitrosopumilaceae,f__Nitrosopumilaceae,D3C,culture-temperature,Marine mesophile,Group 1.1a,Group 1.1a-Nitrosopumilus,0.20140845070422536,0.15211267605633805,0.17323943661971833,0.060563380281690136,0.4042253521126761,0.008450704225352112,culture,0.48324514991181655,0.33255813953488367,0,culture-temperature_Marine mesophile
TEXAS_PSM_culture_RR067,Varma2024_Nitrosopumilus adriaticus NF5_culture_C-GDGT_T20_midExpo,Verma et al. (2024) Biogeosciences,20,0.5359477124183006,1.1186685962373373,0.2796671490593343,4.551724137931034,5.0,p__Thermoproteota,p__Nitrososphaerota,c__Nitrososphaeria,c__Nitrososphaeria,o__Nitrososphaerales,o__Nitrosopumilales,f__Nitrosopumilaceae,f__Nitrosopumilaceae,NF5,culture-temperature,Marine mesophile,Group 1.1a,Group 1.1a-Nitrosopumilus,0.46020260492040527,0.20549927641099855,0.191027496382055,0.041968162083936326,0.09696092619392187,0.004341534008683068,culture,0.8123324396782842,0.8259740259740259,0,culture-temperature_Marine mesophile
TEXAS_PSM_culture_RR068,Varma2024_Nitrosopumilus adriaticus NF5_culture_C-GDGT_T25_midExpo,Verma et al. (2024) Biogeosciences,25,0.583732057416268,1.2611940298507462,0.31529850746268656,3.137931034482759,5.0,p__Thermoproteota,p__Nitrososphaerota,c__Nitrososphaeria,c__Nitrososphaeria,o__Nitrososphaerales,o__Nitrosopumilales,f__Nitrosopumilaceae,f__Nitrosopumilaceae,NF5,culture-temperature,Marine mesophile,Group 1.1a,Group 1.1a-Nitrosopumilus,0.4645522388059702,0.1623134328358209,0.1697761194029851,0.0541044776119403,0.1455223880597015,0.0037313432835820903,culture,0.7212543554006969,0.7614678899082569,0,culture-temperature_Marine mesophile
TEXAS_PSM_culture_RR069,Varma2024_Nitrosopumilus adriaticus NF5_culture_C-GDGT_T30_midExpo,Verma et al. (2024) Biogeosciences,30,0.7445887445887447,1.7095959595959598,0.42739898989898994,2.6521739130434785,5.0,p__Thermoproteota,p__Nitrososphaerota,c__Nitrososphaeria,c__Nitrososphaeria,o__Nitrososphaerales,o__Nitrosopumilales,f__Nitrosopumilaceae,f__Nitrosopumilaceae,NF5,culture-temperature,Marine mesophile,Group 1.1a,Group 1.1a-Nitrosopumilus,0.2777777777777778,0.14898989898989903,0.3080808080808081,0.11616161616161617,0.1388888888888889,0.010101010101010104,culture,0.7937062937062939,0.6666666666666666,0,culture-temperature_Marine mesophile
TEXAS_PSM_culture_RR070,Varma2024_Nitrosopumilus adriaticus NF5_culture_C-GDGT_T20_stationaryPhase,Verma et al. (2024) Biogeosciences,20,0.5378151260504201,1.1760563380281692,0.2940140845070423,1.818181818181818,5.0,p__Thermoproteota,p__Nitrososphaerota,c__Nitrososphaeria,c__Nitrososphaeria,o__Nitrososphaerales,o__Nitrosopumilales,f__Nitrosopumilaceae,f__Nitrosopumilaceae,NF5,culture-temperature,Marine mesophile,Group 1.1a,Group 1.1a-Nitrosopumilus,0.5492957746478873,0.12910798122065728,0.09389671361502347,0.051643192488262914,0.17136150234741784,0.004694835680751174,culture,0.609375,0.7622149837133549,0,culture-temperature_Marine mesophile
TEXAS_PSM_culture_RR071,Varma2024_Nitrosopumilus adriaticus NF5_culture_C-GDGT_T25_stationaryPhase,Verma et al. (2024) Biogeosciences,25,0.5873786407766991,1.3858695652173914,0.34646739130434784,2.6875,5.0,p__Thermoproteota,p__Nitrososphaerota,c__Nitrososphaeria,c__Nitrososphaeria,o__Nitrososphaerales,o__Nitrosopumilales,f__Nitrosopumilaceae,f__Nitrosopumilaceae,NF5,culture-temperature,Marine mesophile,Group 1.1a,Group 1.1a-Nitrosopumilus,0.44565217391304346,0.1539855072463768,0.15579710144927536,0.057971014492753624,0.18115942028985507,0.005434782608695652,culture,0.6633986928104574,0.7109826589595375,0,culture-temperature_Marine mesophile
TEXAS_PSM_culture_RR072,Varma2024_Nitrosopumilus adriaticus NF5_culture_C-GDGT_T30_stationaryPhase,Verma et al. (2024) Biogeosciences,30,0.6887755102040817,1.7605932203389831,0.4401483050847458,2.0952380952380953,5.0,p__Thermoproteota,p__Nitrososphaerota,c__Nitrososphaeria,c__Nitrososphaeria,o__Nitrososphaerales,o__Nitrosopumilales,f__Nitrosopumilaceae,f__Nitrosopumilaceae,NF5,culture-temperature,Marine mesophile,Group 1.1a,Group 1.1a-Nitrosopumilus,0.34745762711864403,0.1292372881355932,0.1864406779661017,0.08898305084745763,0.23728813559322032,0.01059322033898305,culture,0.6201298701298702,0.5942028985507246,0,culture-temperature_Marine mesophile
TEXAS_PSM_culture_RR073,Elling_etal_unpubl_Nitrosarchaeum koreense MY1T_Soil_T20,Elling et al. Unpublished,20,0.4528167742529552,2.379050617359273,0.5947626543398182,5.031172814725427,9.0,p__Thermoproteota,p__Nitrososphaerota,c__Nitrososphaeria,c__Nitrososphaeria,o__Nitrososphaerales,o__Nitrosopumilales,f__Nitrosopumilaceae,f__Nitrosopumilaceae,MY1T,culture-temperature,Soil mesophile,Group 1.1a,Group 1.1a-Nitrosopumilus,0.18095678026480758,0.1997283209548127,0.13550236884728453,0.02693256102248984,0.4540314438677351,0.002848525042870418,culture,0.4421784371057723,0.2849765923013968,0,culture-temperature_Soil mesophile
TEXAS_PSM_culture_RR074,Elling_etal_unpubl_Nitrosarchaeum koreense MY1T_Soil_T23,Elling et al. Unpublished,23,0.4972846625531184,2.6642072967433648,0.6660518241858412,5.597544747574804,9.0,p__Thermoproteota,p__Nitrososphaerota,c__Nitrososphaeria,c__Nitrososphaeria,o__Nitrososphaerales,o__Nitrosopumilales,f__Nitrosopumilaceae,f__Nitrosopumilaceae,MY1T,culture-temperature,Soil mesophile,Group 1.1a,Group 1.1a-Nitrosopumilus,0.13798936070853868,0.16447223824168325,0.13330208078534705,0.02381438412673728,0.5348429044119545,0.005579031725739456,culture,0.37306813685977325,0.20508731204177172,0,culture-temperature_Soil mesophile
TEXAS_PSM_culture_RR075,Elling_etal_unpubl_Nitrosarchaeum koreense MY1T_Soil_T25,Elling et al. Unpublished,25,0.6326411578625262,2.8633077745520037,0.7158269436380009,5.5057536187806475,9.0,p__Thermoproteota,p__Nitrososphaerota,c__Nitrososphaeria,c__Nitrososphaeria,o__Nitrososphaerales,o__Nitrosopumilales,f__Nitrosopumilaceae,f__Nitrosopumilaceae,MY1T,culture-temperature,Soil mesophile,Group 1.1a,Group 1.1a-Nitrosopumilus,0.0904016926032679,0.1272436566820749,0.18030317397784273,0.03274813703301425,0.5632240213125618,0.006079318391238432,culture,0.3741156562470473,0.138308041863404,0,culture-temperature_Soil mesophile
TEXAS_PSM_culture_RR076,Elling_etal_unpubl_Nitrosarchaeum koreense MY1T_Soil_T29,Elling et al. Unpublished,29,0.7467547171318576,3.2111353126267543,0.8027838281566886,5.20018370082229,9.0,p__Thermoproteota,p__Nitrososphaerota,c__Nitrososphaeria,c__Nitrososphaeria,o__Nitrososphaerales,o__Nitrosopumilales,f__Nitrosopumilaceae,f__Nitrosopumilaceae,MY1T,culture-temperature,Soil mesophile,Group 1.1a,Group 1.1a-Nitrosopumilus,0.05033996790972726,0.07301124147368139,0.16807505370354758,0.03232098390619746,0.6613575585089733,0.014895194497873049,culture,0.2879001641057133,0.07073225076816078,0,culture-temperature_Soil mesophile
TEXAS_PSM_culture_RR077,Elling_etal_unpubl_Nitrosarchaeum koreense MY1T_Soil_T32,Elling et al. Unpublished,32,0.6444986428425349,2.9523101145946966,0.7380775286486742,4.710599243563191,9.0,p__Thermoproteota,p__Nitrososphaerota,c__Nitrososphaeria,c__Nitrososphaeria,o__Nitrososphaerales,o__Nitrosopumilales,f__Nitrosopumilaceae,f__Nitrosopumilaceae,MY1T,culture-temperature,Soil mesophile,Group 1.1a,Group 1.1a-Nitrosopumilus,0.09605640481390029,0.10826985028655753,0.1530790002363933,0.03249671481724293,0.5993882169668242,0.01070981287908179,culture,0.3250706868271998,0.13812229156067457,0,culture-temperature_Soil mesophile
TEXAS_PSM_culture_RR078,Elling_etal_unpubl_Nitrosopumilus piranensis D3C_Marine_T18,Elling et al. Unpublished,18,0.4217040209211587,2.0678081142638036,0.5169520285659509,1.2765260736679285,8.0,p__Thermoproteota,p__Nitrososphaerota,c__Nitrososphaeria,c__Nitrososphaeria,o__Nitrososphaerales,o__Nitrosopumilales,f__Nitrosopumilaceae,f__Nitrosopumilaceae,D3C,culture-temperature,Marine mesophile,Group 1.1a,Group 1.1a-Nitrosopumilus,0.3532115904227857,0.12638670888994064,0.05036523740051584,0.039454922574200156,0.42823819746738767,0.002343343245170018,culture,0.3342775870179622,0.45199524767473204,0,culture-temperature_Marine mesophile
TEXAS_PSM_culture_RR079,Elling_etal_unpubl_Nitrosopumilus piranensis D3C_Marine_T23,Elling et al. Unpublished,23,0.44435588528510017,2.3981482462169184,0.5995370615542296,1.549883146379729,8.0,p__Thermoproteota,p__Nitrososphaerota,c__Nitrososphaeria,c__Nitrososphaeria,o__Nitrososphaerales,o__Nitrosopumilales,f__Nitrosopumilaceae,f__Nitrosopumilaceae,D3C,culture-temperature,Marine mesophile,Group 1.1a,Group 1.1a-Nitrosopumilus,0.2597574717887751,0.13281179232568519,0.062144969154085544,0.040096551342755055,0.5012194038615129,0.003969811527186288,culture,0.3175355425613352,0.34134739188599,0,culture-temperature_Marine mesophile
TEXAS_PSM_culture_RR080,Elling_etal_unpubl_Nitrosopumilus piranensis D3C_Marine_T28,Elling et al. Unpublished,28,0.5141221632768468,2.805948765380319,0.7014871913450798,1.9467386621933362,8.0,p__Thermoproteota,p__Nitrososphaerota,c__Nitrososphaeria,c__Nitrososphaeria,o__Nitrososphaerales,o__Nitrosopumilales,f__Nitrosopumilaceae,f__Nitrosopumilaceae,D3C,culture-temperature,Marine mesophile,Group 1.1a,Group 1.1a-Nitrosopumilus,0.1603049675709374,0.11827234170372215,0.07877469216347746,0.04046495489781058,0.5962751174533727,0.005907926210679853,culture,0.2828550599828339,0.21188102983940763,0,culture-temperature_Marine mesophile
TEXAS_PSM_culture_RR081,Elling_etal_unpubl_Nitrosopumilus piranensis D3C_Marine_T32,Elling et al. Unpublished,32,0.5922568742939636,3.097891160057205,0.7744727900143012,2.147999796719829,8.0,p__Thermoproteota,p__Nitrososphaerota,c__Nitrososphaeria,c__Nitrososphaeria,o__Nitrososphaerales,o__Nitrosopumilales,f__Nitrosopumilaceae,f__Nitrosopumilaceae,D3C,culture-temperature,Marine mesophile,Group 1.1a,Group 1.1a-Nitrosopumilus,0.10490484464211065,0.09101595879816199,0.08494722743534837,0.03954713010916933,0.6718762877422518,0.007708551272957823,culture,0.24076805136601526,0.1350507115435474,0,culture-temperature_Marine mesophile
TEXAS_PSM_culture_RR082,Elling_etal_unpubl_Nitrosopumilus adriaticus CCS1_Marine_T15,Elling et al. Unpublished,15,0.33940297636538663,1.4255281628348264,0.3563820407087066,2.1350994974198896,5.1,p__Thermoproteota,p__Nitrososphaerota,c__Nitrososphaeria,c__Nitrososphaeria,o__Nitrososphaerales,o__Nitrosopumilales,f__Nitrosopumilaceae,f__Nitrosopumilaceae,CCS1,culture-temperature,Marine mesophile,Group 1.1a,Group 1.1a-Nitrosopumilus,0.5157237277498716,0.13370978227643743,0.04474528786545509,0.02095700360546498,0.2818687870623139,0.0029954114404570987,culture,0.4117733722959717,0.6466005111285587,0,culture-temperature_Marine mesophile
TEXAS_PSM_culture_RR083,Elling_etal_unpubl_Nitrosopumilus adriaticus CCS1_Marine_T20,Elling et al. Unpublished,20,0.3685592019731277,1.5691675234615452,0.3922918808653863,2.0122911446373584,5.1,p__Thermoproteota,p__Nitrososphaerota,c__Nitrososphaeria,c__Nitrososphaeria,o__Nitrososphaerales,o__Nitrosopumilales,f__Nitrosopumilaceae,f__Nitrosopumilaceae,CCS1,culture-temperature,Marine mesophile,Group 1.1a,Group 1.1a-Nitrosopumilus,0.43777532373615474,0.17488730549612494,0.062103572200065606,0.030862120705330388,0.28525919344643286,0.009112484415891575,culture,0.4764162970958263,0.6054694669931,0,culture-temperature_Marine mesophile
TEXAS_PSM_culture_RR084,Elling_etal_unpubl_Nitrosopumilus adriaticus CCS1_Marine_T25,Elling et al. Unpublished,25,0.40229120134759255,1.7780231239201105,0.44450578098002763,1.436124158133291,5.1,p__Thermoproteota,p__Nitrososphaerota,c__Nitrososphaeria,c__Nitrososphaeria,o__Nitrososphaerales,o__Nitrosopumilales,f__Nitrosopumilaceae,f__Nitrosopumilaceae,CCS1,culture-temperature,Marine mesophile,Group 1.1a,Group 1.1a-Nitrosopumilus,0.3796102075032421,0.17725278968483718,0.06370822623880389,0.04436122453480163,0.32383603574351816,0.011231516294797003,culture,0.4599080189733034,0.5396435209478821,0,culture-temperature_Marine mesophile
TEXAS_PSM_culture_RR085,Elling_etal_unpubl_Nitrosopumilus adriaticus CCS1_Marine_T30,Elling et al. Unpublished,30,0.4566814932917122,1.864357296354504,0.466089324088626,2.032158480261991,5.1,p__Thermoproteota,p__Nitrososphaerota,c__Nitrososphaeria,c__Nitrososphaeria,o__Nitrososphaerales,o__Nitrosopumilales,f__Nitrosopumilaceae,f__Nitrosopumilaceae,CCS1,culture-temperature,Marine mesophile,Group 1.1a,Group 1.1a-Nitrosopumilus,0.3446061264657298,0.1801092487403225,0.08703163207683091,0.042827187407947914,0.3238954126562854,0.021530392652883566,culture,0.47294929162759897,0.5154904009919297,0,culture-temperature_Marine mesophile
TEXAS_PSM_culture_RR001,Elling2017_culture_ThAOA_totalGDGTs_Nitrosocaldus yellowstonii,Elling et al. (2017) Environmnental Microbiology,72,0.6128838934207523,3.129260052792966,0.7823150131982415,1.8857473288732316,25.1,p__Thermoproteota,p__Nitrososphaerota,c__Nitrososphaeria,c__Nitrososphaeria,o__Nitrososphaerales,o__Candidatus Nitrosocaldales,f__Nitrosocaldaceae,f__Candidatus Nitrosocaldaceae,HL72,culture-temperature,Terrestrial thermophile,HWCG-III,HWCG-III-Nitrosocaldus,0.1660307195679447,0.0509358973571868,0.021266059372886364,0.011277258117922523,0.7023914501855126,0.048098615398547095,culture,0.10009866886793181,0.19118664326024792,0,culture-temperature_Terrestrial thermophile
TEXAS_PSM_culture_RR002,Elling2017_culture_ThAOA_totalGDGTs_Nitrososphaera gargensis Ga9.2_35degC_pH7.8_stationaryPhase,Elling et al. (2017) Environmnental Microbiology,35,0.9205754766303343,3.64075271003031,0.9101881775075775,0.9078668351866815,15.0,p__Thermoproteota,p__Nitrososphaerota,c__Nitrososphaeria,c__Nitrososphaeria,o__Nitrososphaerales,o__Nitrososphaerales,f__Nitrososphaeraceae,f__Nitrososphaeraceae,Ga9.2,culture-temperature,Terrestrial thermophile,Group 1.1b,Group 1.1b-Nitrososphaera,0.0324434001327038,0.03438538422779096,0.04072810703989206,0.044861322675717394,0.5346250219495912,0.31295676397430455,culture,0.12399772164218134,0.05721249653361142,0,culture-temperature_Terrestrial thermophile
TEXAS_PSM_culture_RR003,Elling2017_culture_ThAOA_totalGDGTs_Nitrososphaera gargensis Ga9.2_46degC_pH7.8_stationaryPhase,Elling et al. (2017) Environmnental Microbiology,46,0.9663104993439625,3.8947592736876095,0.9736898184219024,0.2990163737068962,15.0,p__Thermoproteota,p__Nitrososphaerota,c__Nitrososphaeria,c__Nitrososphaeria,o__Nitrososphaerales,o__Nitrososphaerales,f__Nitrososphaeraceae,f__Nitrososphaeraceae,Ga9.2,culture-temperature,Terrestrial thermophile,Group 1.1b,Group 1.1b-Nitrososphaera,0.013541315162342497,0.011709837965749748,0.002983731516154794,0.009978488733461556,0.6388774581135015,0.3229091685087899,culture,0.02501073648049072,0.02075555719273762,0,culture-temperature_Terrestrial thermophile
TEXAS_PSM_culture_RR004,Pearson2008_027_Pure Cultures-Acidilobus saccharovorans 345-15_T82_pH3.5,Pearson et al. (2008) Applied and Environmental Microbiology,82,1.0,3.0,0.75,0.0,21.0,p__Thermoproteota,p__Thermoproteota,c__Thermoprotei_A,c__Thermoprotei,o__Sulfolobales,o__Acidilobales,f__Acidilobaceae,f__Acidilobaceae,345-15,culture-temperature,Terrestrial thermoacidophile,Acidilobaceae,Acidilobaceae,0.0,0.0,0.0,1.0,0.0,0.0,culture,1.0,,0,culture-temperature_Terrestrial thermoacidophile
TEXAS_PSM_culture_RR005,Pearson2008_028_Pure Cultures-Metallosphaera sedula DSM 5348_T75_[H4.5,Pearson et al. (2008) Applied and Environmental Microbiology,75,0.7619047619047618,1.942857142857143,0.48571428571428577,0.9200000000000002,18.0,p__Thermoproteota,p__Thermoproteota,c__Thermoprotei_A,c__Thermoprotei,o__Sulfolobales,o__Sulfolobales,f__Sulfolobaceae,f__Sulfolobaceae,DSM 5348,culture-temperature,Terrestrial thermoacidophile,Sulfolobaceae,Sulfolobaceae,0.10000000000000002,0.2142857142857143,0.3285714285714286,0.35714285714285715,0.0,0.0,culture,1.0,1.0,0,culture-temperature_Terrestrial thermoacidophile
TEXAS_PSM_culture_RR006,Pearson2008_029_Pure Cultures-Sulfolobus solfataricus P2_T85_pH4.5,Pearson et al. (2008) Applied and Environmental Microbiology,85,0.9473684210526316,2.68421052631579,0.6710526315789475,0.2857142857142857,19.0,p__Thermoproteota,p__Thermoproteota,c__Thermoprotei_A,c__Thermoprotei,o__Sulfolobales,o__Sulfolobales,f__Sulfolobaceae,f__Sulfolobaceae,P2,culture-temperature,Terrestrial thermoacidophile,Sulfolobaceae,Sulfolobaceae,0.0,0.05263157894736842,0.21052631578947367,0.736842105263158,0.0,0.0,culture,1.0,,0,culture-temperature_Terrestrial thermoacidophile
TEXAS_PSM_culture_RR007,Pearson2008_030_Pure Cultures-Vulcanisaeta moutnovskia 768-28_T85_pH4.5,Pearson et al. (2008) Applied and Environmental Microbiology,85,0.8695652173913043,2.1111111111111107,0.5277777777777777,0.42857142857142855,23.0,p__Thermoproteota,p__Thermoproteota,c__Thermoprotei,c__Thermoprotei,o__Thermoproteales,o__Thermoproteales,f__Thermocladiaceae,f__Thermoproteaceae,768-28,culture-temperature,Terrestrial hyperthermophilic,Thermoproteaceae,Thermoproteaceae,0.14814814814814814,0.1111111111111111,0.2222222222222222,0.5185185185185185,0.0,0.0,culture,1.0,1.0,0,culture-temperature_Terrestrial hyperthermophilic
TEXAS_PSM_culture_RR008,Pearson2008_034_Pure Cultures-Thermoproteus uzoniensis Z-605_T85_5.5,Pearson et al. (2008) Applied and Environmental Microbiology,85,0.875,1.8095238095238093,0.45238095238095233,0.75,22.0,p__Thermoproteota,p__Thermoproteota,c__Thermoprotei,c__Thermoprotei,o__Thermoproteales,o__Thermoproteales,f__Thermoproteaceae,f__Thermoproteaceae,DSM 5263; Z-605 (768-20),culture-temperature,Terrestrial thermoacidophile,Thermoproteaceae,Thermoproteaceae,0.23809523809523808,0.09523809523809523,0.2857142857142857,0.38095238095238093,0.0,0.0,culture,1.0,1.0,0,culture-temperature_Terrestrial thermoacidophile
TEXAS_PSM_culture_RR009,Pearson2008_032_Pure Cultures-Desulfurococcus fermentans Z-1312_T85_pH6.0,Pearson et al. (2008) Applied and Environmental Microbiology,85,0.8305084745762713,2.0294117647058827,0.5073529411764707,0.6333333333333333,20.0,p__Thermoproteota,p__Thermoproteota,c__Thermoprotei_A,c__Thermoprotei,o__Sulfolobales,o__Desulfurococcales,f__Desulfurococcaceae,f__Desulfurococcaceae,DSM 16532,culture-temperature,Terrestrial hyperthermophilic,Desulfurococcaceae,Desulfurococcaceae,0.1323529411764706,0.1470588235294118,0.27941176470588236,0.44117647058823534,0.0,0.0,culture,1.0,1.0,0,culture-temperature_Terrestrial hyperthermophilic
TEXAS_PSM_culture_RR010,Pearson2008_033_Pure Cultures-Desulfurococcus amylolyticus Z-533_T85_6.5,Pearson et al. (2008) Applied and Environmental Microbiology,85,0.8378378378378378,1.9555555555555557,0.48888888888888893,0.5499999999999999,20.0,p__Thermoproteota,p__Thermoproteota,c__Thermoprotei_A,c__Thermoprotei,o__Sulfolobales,o__Desulfurococcales,f__Desulfurococcaceae,f__Desulfurococcaceae,Z-533 (or DSM 3822),culture-temperature,Terrestrial hyperthermophilic,Desulfurococcaceae,Desulfurococcaceae,0.17777777777777778,0.13333333333333333,0.24444444444444444,0.4444444444444445,0.0,0.0,culture,1.0,1.0,0,culture-temperature_Terrestrial hyperthermophilic
TEXAS_PSM_culture_RR011,Pitcher2010_001_ThAOA cultures-Candidatus Nitrososphaera gargensis-Ga9.2_46a,Pitcher et al. (2010) ISME,46,0.9944418712366837,3.9840812089052946,0.9960203022263237,0.46875,15.0,p__Thermoproteota,p__Nitrososphaerota,c__Nitrososphaeria,c__Nitrososphaeria,o__Nitrososphaerales,o__Nitrososphaerales,f__Nitrososphaeraceae,f__Nitrososphaeraceae,Ga9.2,culture-temperature,Terrestrial thermophile,Group 1.1b,Group 1.1b-Nitrososphaera,0.0011535355865728459,0.0013842427038874149,0.0017303033798592687,0.0036913138770331066,0.7497981312723497,0.24224247318029762,culture,0.00681371982907957,0.001536098310291859,0,culture-temperature_Terrestrial thermophile
TEXAS_PSM_culture_RR012,Pitcher2010_002_ThAOA cultures-Candidatus Nitrososphaera gargensis-Ga9.2_42,Pitcher et al. (2010) ISME,42,0.9852998065764024,3.9541872438793737,0.9885468109698434,0.47000000000000003,15.0,p__Thermoproteota,p__Nitrososphaerota,c__Nitrososphaeria,c__Nitrososphaeria,o__Nitrososphaerales,o__Nitrososphaerales,f__Nitrososphaeraceae,f__Nitrososphaeraceae,Ga9.2,culture-temperature,Terrestrial thermophile,Group 1.1b,Group 1.1b-Nitrososphaera,0.003362404118945046,0.0039928548912472415,0.004938531049700536,0.010507512871703267,0.7250183881475255,0.25218030892087845,culture,0.019504480759093307,0.004616272360069244,0,culture-temperature_Terrestrial thermophile
TEXAS_PSM_culture_RR013,Pitcher2010_003_ThAOA cultures-Candidatus Nitrososphaera gargensis-Ga9.2_50,Pitcher et al. (2010) ISME,50,0.9940036900369004,3.9835476138592285,0.9958869034648071,0.4473684210526316,15.0,p__Thermoproteota,p__Nitrososphaerota,c__Nitrososphaeria,c__Nitrososphaeria,o__Nitrososphaerales,o__Nitrososphaerales,f__Nitrososphaeraceae,f__Nitrososphaeraceae,Ga9.2,culture-temperature,Terrestrial thermophile,Group 1.1b,Group 1.1b-Nitrososphaera,0.001089561996077577,0.00141643059490085,0.0018522553933318807,0.004140335585094792,0.7626933972543037,0.22880801917629112,culture,0.007417102966841187,0.0014265335235378034,0,culture-temperature_Terrestrial thermophile
TEXAS_PSM_culture_RR014,Pitcher2010_004_ThAOA cultures-Candidatus Nitrososphaera gargensis-Ga9.2_46,Pitcher et al. (2010) ISME,46,0.9928897917724734,3.980898478952954,0.9952246197382385,0.4473684210526316,15.0,p__Thermoproteota,p__Nitrososphaerota,c__Nitrososphaeria,c__Nitrososphaeria,o__Nitrososphaerales,o__Nitrososphaerales,f__Nitrososphaeraceae,f__Nitrososphaeraceae,Ga9.2,culture-temperature,Terrestrial thermophile,Group 1.1b,Group 1.1b-Nitrososphaera,0.0014149274849663955,0.0016507487324607948,0.0020044806037023935,0.004480603702393586,0.7664190543567976,0.2240301851196793,culture,0.008147360963513992,0.0018427518427518426,0,culture-temperature_Terrestrial thermophile
TEXAS_PSM_culture_RR015,SinningheDamste2012_Nitrososphaera viennensis EN76_T37_pH7.5,Sinninghe Damste et al. (2012) AEM,37,0.9915966386554621,3.965909090909091,0.9914772727272727,0.4,16.0,p__Thermoproteota,p__Nitrososphaerota,c__Nitrososphaeria,c__Nitrososphaeria,o__Nitrososphaerales,o__Nitrosopumilales,f__Nitrososphaeraceae,f__Nitrosopumilaceae,EN76,culture-temperature,Soil mesophile,Group 1.1b,Group 1.1b-Nitrososphaera,0.0037878787878787876,0.0025252525252525255,0.0025252525252525255,0.006313131313131313,0.6957070707070707,0.2891414141414141,culture,0.01140684410646388,0.005415162454873646,0,culture-temperature_Soil mesophile
TEXAS_PSM_culture_RR016,Jung2016_Ca. Nitrosocosmicus oleophilus MY3_culture_T30,Jung et al. (2016) Environmental Microbiology Reports,30,0.3203883495145631,1.9425403225806452,0.4856350806451613,1.4705882352941175,17.0,p__Thermoproteota,p__Nitrososphaerota,c__Nitrososphaeria,c__Nitrososphaeria,o__Nitrososphaerales,o__Nitrososphaerales,f__Nitrososphaeraceae,f__Nitrososphaeraceae,MY3,culture-temperature,Terrestrial mesophile,Group 1.1b,Group 1.1b-Nitrososphaera,0.2520161290322581,0.28225806451612906,0.07560483870967742,0.05141129032258065,0.3326612903225807,0.006048387096774194,culture,0.5471698113207547,0.4310344827586208,0,culture-temperature_Terrestrial mesophile
TEXAS_PSM_culture_RR017,Boyd2011_Acidilobus_sulfurireducens_culture_T65_pH3_IonicStrength44.9,Boyd et al. (2011) Extremophiles,65,0.8928571428571429,3.774774774774775,0.9436936936936937,0.7272727272727272,25.1,p__Thermoproteota,p__Thermoproteota,c__Thermoprotei_A,c__Thermoprotei,o__Sulfolobales,o__Acidilobales,f__Acidilobaceae,f__Acidilobaceae,7A,culture-temperature,Hyperthermophilic,Acidilobaceae,Acidilobaceae,0.036036036036036036,0.006756756756756757,0.018018018018018018,0.02477477477477478,0.9009009009009009,0.013513513513513514,culture,0.05140186915887851,0.038461538461538464,0,culture-temperature_Hyperthermophilic
TEXAS_PSM_culture_RR018,Boyd2011_Acidilobus_sulfurireducens_culture_T70_pH3_IonicStrength44.9,Boyd et al. (2011) Extremophiles,70,0.7391304347826086,3.560975609756097,0.8902439024390243,0.8333333333333334,25.1,p__Thermoproteota,p__Thermoproteota,c__Thermoprotei_A,c__Thermoprotei,o__Sulfolobales,o__Acidilobales,f__Acidilobaceae,f__Acidilobaceae,7A,culture-temperature,Hyperthermophilic,Acidilobaceae,Acidilobaceae,0.06829268292682925,0.029268292682926824,0.024390243902439022,0.029268292682926824,0.8195121951219511,0.029268292682926824,culture,0.08900523560209425,0.07692307692307691,0,culture-temperature_Hyperthermophilic
TEXAS_PSM_culture_RR019,Boyd2011_Acidilobus_sulfurireducens_culture_T75_pH3_IonicStrength44.9,Boyd et al. (2011) Extremophiles,75,0.8076923076923077,3.549520766773163,0.8873801916932907,0.8000000000000002,25.1,p__Thermoproteota,p__Thermoproteota,c__Thermoprotei_A,c__Thermoprotei,o__Sulfolobales,o__Acidilobales,f__Acidilobaceae,f__Acidilobaceae,7A,culture-temperature,Hyperthermophilic,Acidilobaceae,Acidilobaceae,0.07987220447284345,0.01597444089456869,0.025559105431309907,0.03194888178913738,0.8370607028753994,0.009584664536741214,culture,0.0798611111111111,0.08710801393728222,0,culture-temperature_Hyperthermophilic
TEXAS_PSM_culture_RR020,Boyd2011_Acidilobus_sulfurireducens_culture_T81_pH3_IonicStrength44.9,Boyd et al. (2011) Extremophiles,81,0.7916666666666667,3.2500000000000004,0.8125000000000001,1.4999999999999998,25.1,p__Thermoproteota,p__Thermoproteota,c__Thermoprotei_A,c__Thermoprotei,o__Sulfolobales,o__Acidilobales,f__Acidilobaceae,f__Acidilobaceae,7A,culture-temperature,Hyperthermophilic,Acidilobaceae,Acidilobaceae,0.13513513513513511,0.03378378378378378,0.040540540540540536,0.02702702702702703,0.7027027027027027,0.06081081081081081,culture,0.11718749999999999,0.16129032258064513,0,culture-temperature_Hyperthermophilic
TEXAS_PSM_culture_RR021,Boyd2011_Acidilobus_sulfurireducens_culture_T81_pH4_IonicStrength43.1,Boyd et al. (2011) Extremophiles,81,1.0,3.006309148264984,0.751577287066246,0.0,25.1,p__Thermoproteota,p__Thermoproteota,c__Thermoprotei_A,c__Thermoprotei,o__Sulfolobales,o__Acidilobales,f__Acidilobaceae,f__Acidilobaceae,7A,culture-pH,Hyperthermophilic,Acidilobaceae,Acidilobaceae,0.23659305993690852,0.0,0.0,0.04731861198738171,0.7066246056782334,0.00946372239747634,culture,0.06198347107438017,0.2508361204013378,0,culture-pH_Hyperthermophilic
TEXAS_PSM_culture_RR022,Boyd2011_Acidilobus_sulfurireducens_culture_T81_pH5.0_IonicStrength43.1,Boyd et al. (2011) Extremophiles,81,1.0,2.701986754966887,0.6754966887417218,,25.1,p__Thermoproteota,p__Thermoproteota,c__Thermoprotei_A,c__Thermoprotei,o__Sulfolobales,o__Acidilobales,f__Acidilobaceae,f__Acidilobaceae,7A,culture-pH,Hyperthermophilic,Acidilobaceae,Acidilobaceae,0.3245033112582782,0.0,0.0,0.0,0.6423841059602649,0.033112582781456956,culture,0.0,0.3356164383561644,0,culture-pH_Hyperthermophilic
TEXAS_PSM_culture_RR023,Feyhl-Buska2016_Picrophilus torridus_culture-C-GDGT_T53_pH0.7_growthLog,Feyhl-Buska et al. (2016) Frontiers in Microbiology,53,0.8128190584231424,1.108690587138863,0.27717264678471576,4.036906854130052,24.0,p__Thermoplasmatota,p__Candidatus Thermoplasmatota,c__Thermoplasmata,c__Thermoplasmata,o__Thermoplasmatales,o__Thermoplasmatales,f__Thermoplasmataceae,f__Picrophilaceae,DSM 9790,culture-temperature,Thermoacidophile,Picrophilaceae,Picrophilaceae,0.5147949673811744,0.07688723205964586,0.2675908667287978,0.06628611369990682,0.0744408201304753,0.0,culture,0.846578631452581,0.8736654804270464,0,culture-temperature_Thermoacidophile
TEXAS_PSM_culture_RR024,Feyhl-Buska2016_Picrophilus torridus_culture-C-GDGT_T58_pH0.7_growthLog,Feyhl-Buska et al. (2016) Frontiers in Microbiology,58,0.8142206806850206,1.4564624162738773,0.3641156040684693,2.8602261048304207,24.0,p__Thermoplasmatota,p__Candidatus Thermoplasmatota,c__Thermoplasmata,c__Thermoplasmata,o__Thermoplasmatales,o__Thermoplasmatales,f__Thermoplasmataceae,f__Picrophilaceae,DSM 9790,culture-temperature,Thermoacidophile,Picrophilaceae,Picrophilaceae,0.3533862565120317,0.1063011659637807,0.34519970230711977,0.1206896551724138,0.07442322004465393,0.0,culture,0.8849031267983886,0.826036532328211,0,culture-temperature_Thermoacidophile
TEXAS_PSM_culture_RR025,Feyhl-Buska2016_Picrophilus torridus_culture-C-GDGT_T63_pH0.7_growthLog,Feyhl-Buska et al. (2016) Frontiers in Microbiology,63,0.8138284876618616,1.4432157057654078,0.36080392644135195,2.5473908413205537,24.0,p__Thermoplasmatota,p__Candidatus Thermoplasmatota,c__Thermoplasmata,c__Thermoplasmata,o__Thermoplasmatales,o__Thermoplasmatales,f__Thermoplasmataceae,f__Picrophilaceae,DSM 9790,culture-temperature,Thermoacidophile,Picrophilaceae,Picrophilaceae,0.39040755467196825,0.09468190854870777,0.2972166998011929,0.11667495029821076,0.1010188866799205,0.0,culture,0.8342845495311862,0.7944374209860936,0,culture-temperature_Thermoacidophile
TEXAS_PSM_culture_RR026,Feyhl-Buska2016_Picrophilus torridus_culture-C-GDGT_T58_pH0.3_growthLog,Feyhl-Buska et al. (2016) Frontiers in Microbiology,58,0.8622339153312605,1.7389416553595658,0.43473541383989145,3.032438478747203,24.0,p__Thermoplasmatota,p__Candidatus Thermoplasmatota,c__Thermoplasmata,c__Thermoplasmata,o__Thermoplasmatales,o__Thermoplasmatales,f__Thermoplasmataceae,f__Picrophilaceae,DSM 9790,culture-pH,Thermoacidophile,Picrophilaceae,Picrophilaceae,0.29240162822252375,0.07815468113975577,0.36784260515603795,0.12130257801899592,0.14029850746268657,0.0,culture,0.8017257909875359,0.6757604264659768,0,culture-pH_Thermoacidophile
TEXAS_PSM_culture_RR027,Feyhl-Buska2016_Picrophilus torridus_culture-C-GDGT_T58_pH0.5_growthLog,Feyhl-Buska et al. (2016) Frontiers in Microbiology,58,0.8231529959278651,1.0815217391304346,0.27038043478260865,2.958041958041958,24.0,p__Thermoplasmatota,p__Candidatus Thermoplasmatota,c__Thermoplasmata,c__Thermoplasmata,o__Thermoplasmatales,o__Thermoplasmatales,f__Thermoplasmataceae,f__Picrophilaceae,DSM 9790,culture-pH,Thermoacidophile,Picrophilaceae,Picrophilaceae,0.5252415458937197,0.07342995169082124,0.2554347826086956,0.08635265700483091,0.05954106280193235,0.0,culture,0.8745866191808701,0.8981825691862866,0,culture-pH_Thermoacidophile
TEXAS_PSM_culture_RR028,Feyhl-Buska2016_Picrophilus torridus_culture-C-GDGT_T58_pH0.7_growthLog,Feyhl-Buska et al. (2016) Frontiers in Microbiology,58,0.8142206806850206,1.4564624162738773,0.3641156040684693,2.8602261048304207,24.0,p__Thermoplasmatota,p__Candidatus Thermoplasmatota,c__Thermoplasmata,c__Thermoplasmata,o__Thermoplasmatales,o__Thermoplasmatales,f__Thermoplasmataceae,f__Picrophilaceae,DSM 9790,culture-pH,Thermoacidophile,Picrophilaceae,Picrophilaceae,0.3533862565120317,0.1063011659637807,0.34519970230711977,0.1206896551724138,0.07442322004465393,0.0,culture,0.8849031267983886,0.826036532328211,0,culture-pH_Thermoacidophile
TEXAS_PSM_culture_RR029,Feyhl-Buska2016_Picrophilus torridus_culture-C-GDGT_T58_pH0.9_growthLog,Feyhl-Buska et al. (2016) Frontiers in Microbiology,58,0.8062827225130891,0.9818844841783321,0.24547112104458302,3.077881619937695,24.0,p__Thermoplasmatota,p__Candidatus Thermoplasmatota,c__Thermoplasmata,c__Thermoplasmata,o__Thermoplasmatales,o__Thermoplasmatales,f__Thermoplasmataceae,f__Picrophilaceae,DSM 9790,culture-pH,Thermoacidophile,Picrophilaceae,Picrophilaceae,0.5639336548641337,0.07399129514174804,0.2324432419715328,0.0755205269968239,0.054111281025761675,0.0,culture,0.8759104397086593,0.9124476589265321,0,culture-pH_Thermoacidophile
TEXAS_PSM_culture_RR030,Feyhl-Buska2016_Picrophilus torridus_culture-C-GDGT_T58_pH1.1_growthLog,Feyhl-Buska et al. (2016) Frontiers in Microbiology,58,0.6242593238062043,0.574762946754194,0.1436907366885485,5.489130434782609,24.0,p__Thermoplasmatota,p__Candidatus Thermoplasmatota,c__Thermoplasmata,c__Thermoplasmata,o__Thermoplasmatales,o__Thermoplasmatales,f__Thermoplasmataceae,f__Picrophilaceae,DSM 9790,culture-pH,Thermoacidophile,Picrophilaceae,Picrophilaceae,0.6859435240179221,0.11232676878191099,0.1578618318224445,0.028758987183494837,0.01510888819422736,0.0,culture,0.9518911745189118,0.978448275862069,0,culture-pH_Thermoacidophile
TEXAS_PSM_culture_RR031,Feyhl-Buska2016_Picrophilus torridus_culture-C-GDGT_T58_pH0.7_Lag,Feyhl-Buska et al. (2016) Frontiers in Microbiology,58,0.8879330943847072,2.180093991272239,0.5450234978180597,1.9305993690851737,24.0,p__Thermoplasmatota,p__Candidatus Thermoplasmatota,c__Thermoplasmata,c__Thermoplasmata,o__Thermoplasmatales,o__Thermoplasmatales,f__Thermoplasmataceae,f__Picrophilaceae,DSM 9790,culture-growth-rate,Thermoacidophile,Picrophilaceae,Picrophilaceae,0.13729439409197716,0.07871769050016784,0.4108761329305136,0.21282309499832158,0.1602886874790198,0.0,culture,0.8142023346303502,0.46136491821771003,0,culture-growth-rate_Thermoacidophile
TEXAS_PSM_culture_RR032,Feyhl-Buska2016_Picrophilus torridus_culture-C-GDGT_T58_pH0.7_earlyLog,Feyhl-Buska et al. (2016) Frontiers in Microbiology,58,0.8184965380811078,1.1001861764021408,0.2750465441005352,3.132334581772784,24.0,p__Thermoplasmatota,p__Candidatus Thermoplasmatota,c__Thermoplasmata,c__Thermoplasmata,o__Thermoplasmatales,o__Thermoplasmatales,f__Thermoplasmataceae,f__Picrophilaceae,DSM 9790,culture-growth-rate,Thermoacidophile,Picrophilaceae,Picrophilaceae,0.49162206190365365,0.08540842448219686,0.29194787060740046,0.09320456132185244,0.037817081684896434,0.0,culture,0.9256122682536049,0.9285714285714286,0,culture-growth-rate_Thermoacidophile
TEXAS_PSM_culture_RR033,Feyhl-Buska2016_Picrophilus torridus_culture-C-GDGT_T58_pH0.7_growthLog,Feyhl-Buska et al. (2016) Frontiers in Microbiology,58,0.8142206806850206,1.4564624162738773,0.3641156040684693,2.8602261048304207,24.0,p__Thermoplasmatota,p__Candidatus Thermoplasmatota,c__Thermoplasmata,c__Thermoplasmata,o__Thermoplasmatales,o__Thermoplasmatales,f__Thermoplasmataceae,f__Picrophilaceae,DSM 9790,culture-growth-rate,Thermoacidophile,Picrophilaceae,Picrophilaceae,0.3533862565120317,0.1063011659637807,0.34519970230711977,0.1206896551724138,0.07442322004465393,0.0,culture,0.8849031267983886,0.826036532328211,0,culture-growth-rate_Thermoacidophile
TEXAS_PSM_culture_RR034,Feyhl-Buska2016_Picrophilus torridus_culture-C-GDGT_T58_pH0.7_lateLog,Feyhl-Buska et al. (2016) Frontiers in Microbiology,58,0.7976009139375476,1.3086181446576586,0.32715453616441464,3.7602272727272728,24.0,p__Thermoplasmatota,p__Candidatus Thermoplasmatota,c__Thermoplasmata,c__Thermoplasmata,o__Thermoplasmatales,o__Thermoplasmatales,f__Thermoplasmataceae,f__Picrophilaceae,DSM 9790,culture-growth-rate,Thermoacidophile,Picrophilaceae,Picrophilaceae,0.3694788236629953,0.12069944362438968,0.3757238560236176,0.09992051776995571,0.03417735891904167,0.0,culture,0.9457950657302359,0.9153305203938116,0,culture-growth-rate_Thermoacidophile
TEXAS_PSM_culture_RR035,Feyhl-Buska2016_Picrophilus torridus_culture-C-GDGT_T58_pH0.7_growthDeath,Feyhl-Buska et al. (2016) Frontiers in Microbiology,58,0.8519520027040729,2.0382174028034914,0.5095543507008728,2.2006349206349203,24.0,p__Thermoplasmatota,p__Candidatus Thermoplasmatota,c__Thermoplasmata,c__Thermoplasmata,o__Thermoplasmatales,o__Thermoplasmatales,f__Thermoplasmataceae,f__Picrophilaceae,DSM 9790,culture-growth-rate,Thermoacidophile,Picrophilaceae,Picrophilaceae,0.12232213700079346,0.11584236974345412,0.45834435334567575,0.2082782332716213,0.09521290663845546,0.0,culture,0.8915172517703781,0.5623100303951367,0,culture-growth-rate_Thermoacidophile
TEXAS_PSM_culture_RR036,Elling_etal_unpubl_Nitrososphaera viennensis EN76_Soil_T32,Elling et al. Unpublished,32,0.7913774092674543,3.3664823423940575,0.8416205855985144,0.6681308670142513,16.0,p__Thermoproteota,p__Nitrososphaerota,c__Nitrososphaeria,c__Nitrososphaeria,o__Nitrososphaerales,o__Nitrosopumilales,f__Nitrososphaeraceae,f__Nitrosopumilaceae,EN76,culture-temperature,Soil mesophile,Group 1.1b,Group 1.1b-Nitrososphaera,0.07022709593268886,0.05689697593170342,0.052025533150643746,0.07786727977878927,0.6570460831994533,0.0859370320067213,culture,0.20089829252285216,0.0965621969127077,0,culture-temperature_Soil mesophile
TEXAS_PSM_culture_RR037,Elling_etal_unpubl_Nitrososphaera viennensis EN76_Soil_T37,Elling et al. Unpublished,37,0.8666716582720205,3.6018823952600183,0.9004705988150046,0.5306976986924825,16.0,p__Thermoproteota,p__Nitrososphaerota,c__Nitrososphaeria,c__Nitrososphaeria,o__Nitrososphaerales,o__Nitrosopumilales,f__Nitrososphaeraceae,f__Nitrosopumilaceae,EN76,culture-temperature,Soil mesophile,Group 1.1b,Group 1.1b-Nitrososphaera,0.0396856405117442,0.034412012433868266,0.03504842251765606,0.06604216035608848,0.7022146037433245,0.12259716043731861,culture,0.14110233171960596,0.053491882256477725,0,culture-temperature_Soil mesophile
TEXAS_PSM_culture_RR038,Elling_etal_unpubl_Nitrososphaera viennensis EN76_Soil_T42,Elling et al. Unpublished,42,0.882864009294795,3.6849585285261135,0.9212396321315284,0.5095210417629512,16.0,p__Thermoproteota,p__Nitrososphaerota,c__Nitrososphaeria,c__Nitrososphaeria,o__Nitrososphaerales,o__Nitrosopumilales,f__Nitrososphaeraceae,f__Nitrosopumilaceae,EN76,culture-temperature,Soil mesophile,Group 1.1b,Group 1.1b-Nitrososphaera,0.03154222336182694,0.02795945721175115,0.026496108157468275,0.05200199007638881,0.7297654921966095,0.13223472899595537,culture,0.1099248289534692,0.041431634958132534,0,culture-temperature_Soil mesophile
TEXAS_PSM_culture_RR039,Elling_etal_unpubl_Nitrososphaera viennensis EN76_Soil_T47,Elling et al. Unpublished,47,0.9830576088819052,3.9542263265831656,0.9885565816457914,0.304853407142104,16.0,p__Thermoproteota,p__Nitrososphaerota,c__Nitrososphaeria,c__Nitrososphaeria,o__Nitrososphaerales,o__Nitrosopumilales,f__Nitrososphaeraceae,f__Nitrosopumilaceae,EN76,culture-temperature,Soil mesophile,Group 1.1b,Group 1.1b-Nitrososphaera,0.0029939345817055307,0.0035593409179193857,0.004378551414449892,0.01436280950735407,0.7869211433367848,0.18778422024178631,culture,0.02236766917798747,0.0037901980420412596,0,culture-temperature_Soil mesophile
TEXAS_PSM_culture_RR040,Elling_etal_unpubl_Nitropelagicus brevis CN25_Marine_T20,Elling et al. Unpublished,20,0.669428402991939,2.033362753214231,0.5083406883035577,1.7427954122372082,12.0, p__Thermoproteota,p__Nitrososphaerota, c__Nitrososphaeria, x__Nitrososphaerota incertae sedis, o__Nitrososphaerales, x__Nitrososphaerota incertae sedis, f__Nitrosopumilaceae, x__Nitrososphaerota incertae sedis,CN25,culture-temperature,,,,0.24249057371385518,0.19968608968705506,0.1544867906703427,0.08864310152849762,0.15344636855712385,0.1612470758431255,culture,0.584568279310922,0.6124474577264749,0,
TEXAS_PSM_culture_RR041,Elling_etal_unpubl_Cand. Nitrosomarinus catalina SPOT1_Marine_T15,Elling et al. Unpublished,15,0.2909122758631891,1.6989682265652741,0.42474205664131853,1.1653831091484645,3.0,p__Thermoproteota,p__Nitrososphaerota, c__Nitrososphaeria, c__Nitrososphaeria, o__Nitrososphaerales, o__Nitrosopumilales, f__Nitrosopumilaceae, f__Nitrosopumilaceae,SPOT1,culture-temperature,Marine mesophile,Group 1.1a,Group 1.1a-Nitrosopumilus,0.5140264711811905,0.06745297707148219,0.014893513991048254,0.012779929513420543,0.39084710824285845,0.0,culture,0.19574403734944573,0.5680644046523801,0,culture-temperature_Marine mesophile
TEXAS_PSM_culture_RR042,Elling_etal_unpubl_Cand. Nitrosomarinus catalina SPOT1_Marine_T17,Elling et al. Unpublished,17,0.37974848191296035,2.19234662449025,0.5480866561225625,1.8106253371724168,3.0,p__Thermoproteota,p__Nitrososphaerota, c__Nitrososphaeria, c__Nitrososphaeria, o__Nitrososphaerales, o__Nitrosopumilales, f__Nitrosopumilaceae, f__Nitrosopumilaceae,SPOT1,culture-temperature,Marine mesophile,Group 1.1a,Group 1.1a-Nitrosopumilus,0.4107512056534485,0.04202634888857575,0.015111693812754068,0.00834611860472107,0.5214918479094157,0.0022727851310849713,culture,0.1111315999868437,0.4406052735749885,0,culture-temperature_Marine mesophile
TEXAS_PSM_culture_RR043,Elling_etal_unpubl_Cand. Nitrosomarinus catalina SPOT1_Marine_T20,Elling et al. Unpublished,20,0.37212447393377535,2.3683734228342437,0.5920933557085609,2.8504792421008496,3.0,p__Thermoproteota,p__Nitrososphaerota, c__Nitrososphaeria, c__Nitrososphaeria, o__Nitrososphaerales, o__Nitrosopumilales, f__Nitrosopumilaceae, f__Nitrosopumilaceae,SPOT1,culture-temperature,Marine mesophile,Group 1.1a,Group 1.1a-Nitrosopumilus,0.3429873484755148,0.0656942571822177,0.026626649260938058,0.009341113195167065,0.5523832234692041,0.00296740841695808,culture,0.1547337321472175,0.38306747979281497,0,culture-temperature_Marine mesophile
TEXAS_PSM_culture_RR044,Elling_etal_unpubl_Cand. Nitrosomarinus catalina SPOT1_Marine_T23,Elling et al. Unpublished,23,0.3840640131840965,2.3521456065906814,0.5880364016476703,2.10986993221529,3.0,p__Thermoproteota,p__Nitrososphaerota, c__Nitrososphaeria, c__Nitrososphaeria, o__Nitrososphaerales, o__Nitrosopumilales, f__Nitrosopumilaceae, f__Nitrosopumilaceae,SPOT1,culture-temperature,Marine mesophile,Group 1.1a,Group 1.1a-Nitrosopumilus,0.3661064977454257,0.04641522253773119,0.017859093772704816,0.00846454726901264,0.5585362840837773,0.0026183545913483586,culture,0.11474934404712735,0.39594371463232997,0,culture-temperature_Marine mesophile
TEXAS_PSM_mesocosm_RR001,meso_001,Wuchter2004,10,0.33457817,1.967739152,0.491934788,2.6856560413775474,0.0,mesocosm,mesocosm,mesocosm,mesocosm,mesocosm,mesocosm,mesocosm,mesocosm,mesocosm,mesocosm,mesocosm,mesocosm,mesocosm,0.416348452,0.096573132,0.032519524,0.012108596,0.438520854,0.003929442,mesocosm,0.2419273151657948,0.4870317007264266,0,
TEXAS_PSM_mesocosm_RR002,meso_002,Wuchter2004,15,0.288381123,1.93911859,0.4847796475,2.1909090466148764,0.0,mesocosm,mesocosm,mesocosm,mesocosm,mesocosm,mesocosm,mesocosm,mesocosm,mesocosm,mesocosm,mesocosm,mesocosm,mesocosm,0.434733935,0.088905888,0.022483021,0.01026196,0.440331368,0.003283827,mesocosm,0.21520992811625783,0.4968017055522541,0,
TEXAS_PSM_mesocosm_RR003,meso_003,Wuchter2004,15,0.239814055,1.856318014,0.4640795035,2.2500000595354193,0.0,mesocosm,mesocosm,mesocosm,mesocosm,mesocosm,mesocosm,mesocosm,mesocosm,mesocosm,mesocosm,mesocosm,mesocosm,mesocosm,0.451411975,0.09728103,0.018896315,0.008398362,0.420617979,0.003394338,mesocosm,0.22708426278004207,0.5176565012811475,0,
TEXAS_PSM_mesocosm_RR004,meso_004,Wuchter2004,22,0.466403162,2.991935484,0.747983871,2.8587786206433194,0.0,mesocosm,mesocosm,mesocosm,mesocosm,mesocosm,mesocosm,mesocosm,mesocosm,mesocosm,mesocosm,mesocosm,mesocosm,mesocosm,0.196236559,0.051843318,0.028763441,0.010061444,0.706605223,0.006490015,mesocosm,0.11280458699041526,0.21735431712663028,0,
TEXAS_PSM_mesocosm_RR005,meso_005,Wuchter2004,25,0.461538462,3.058343027,0.76458575675,1.7634661394874693,0.0,mesocosm,mesocosm,mesocosm,mesocosm,mesocosm,mesocosm,mesocosm,mesocosm,mesocosm,mesocosm,mesocosm,mesocosm,mesocosm,0.193623458,0.040726088,0.017523854,0.009937165,0.730742378,0.007447056,mesocosm,0.08455988428859813,0.2094662637445203,0,
TEXAS_PSM_mesocosm_RR006,meso_006,Wuchter2004,25,0.483546618,3.228140089,0.80703502225,3.0373831901073456,0.0,mesocosm,mesocosm,mesocosm,mesocosm,mesocosm,mesocosm,mesocosm,mesocosm,mesocosm,mesocosm,mesocosm,mesocosm,mesocosm,0.145988198,0.043298337,0.024906123,0.008199862,0.77017396,0.00743352,mesocosm,0.08946518282425328,0.15934755296889264,0,
TEXAS_PSM_mesocosm_RR007,meso_007,Wuchter2004,30,0.527553852,3.043328569,0.76083214225,4.415384774083911,0.0,mesocosm,mesocosm,mesocosm,mesocosm,mesocosm,mesocosm,mesocosm,mesocosm,mesocosm,mesocosm,mesocosm,mesocosm,mesocosm,0.153019107,0.071979383,0.057784847,0.01308716,0.694626211,0.009503292,mesocosm,0.16865951898161646,0.18052256498159527,0,
TEXAS_PSM_mesocosm_RR008,meso_008,Wuchter2004,35,0.70545862,3.162726054,0.7906815135,5.052473654017583,0.0,mesocosm,mesocosm,mesocosm,mesocosm,mesocosm,mesocosm,mesocosm,mesocosm,mesocosm,mesocosm,mesocosm,mesocosm,mesocosm,0.108379923,0.057469469,0.105256582,0.020832683,0.696504982,0.011556361,mesocosm,0.20587101920990053,0.13465269671071792,0,
TEXAS_PSM_mesocosm_RR009,meso_009,Wuchter2004,13,0.263181116,1.8740095460000001,0.46850238650000003,2.705673802952317,0.0,mesocosm,mesocosm,mesocosm,mesocosm,mesocosm,mesocosm,mesocosm,mesocosm,mesocosm,mesocosm,mesocosm,mesocosm,mesocosm,0.480892646,0.057159482,0.01305769,0.00482604,0.441531326,0.002532815,mesocosm,0.1445620285790866,0.5213358071747944,0,
TEXAS_PSM_mesocosm_RR010,meso_010,Wuchter2004,15,0.309939803,2.180437873,0.54510946825,2.971428638042717,0.0,mesocosm,mesocosm,mesocosm,mesocosm,mesocosm,mesocosm,mesocosm,mesocosm,mesocosm,mesocosm,mesocosm,mesocosm,mesocosm,0.371221041,0.090714327,0.026763943,0.009007096,0.497320389,0.004973204,mesocosm,0.2011603031392149,0.42740740761209284,0,
TEXAS_PSM_mesocosm_RR011,meso_011,Wuchter2004,15,0.383922502,2.176548841,0.54413721025,3.693181900944164,0.0,mesocosm,mesocosm,mesocosm,mesocosm,mesocosm,mesocosm,mesocosm,mesocosm,mesocosm,mesocosm,mesocosm,mesocosm,mesocosm,0.357007113,0.098414508,0.044116849,0.011945485,0.483249172,0.005266873,mesocosm,0.2402465798972361,0.4248788368182215,0,
TEXAS_PSM_mesocosm_RR012,meso_012,Wuchter2004,22,0.507545671,2.6773639190000003,0.6693409797500001,4.403669736525714,0.0,mesocosm,mesocosm,mesocosm,mesocosm,mesocosm,mesocosm,mesocosm,mesocosm,mesocosm,mesocosm,mesocosm,mesocosm,mesocosm,0.236284745,0.079907205,0.061863642,0.014048202,0.601452077,0.006444129,mesocosm,0.20402767651930692,0.2820512824491795,0,
TEXAS_PSM_mesocosm_RR013,meso_013,Wuchter2004,25,0.497763697,2.99408767,0.7485219175,4.544406089253466,0.0,mesocosm,mesocosm,mesocosm,mesocosm,mesocosm,mesocosm,mesocosm,mesocosm,mesocosm,mesocosm,mesocosm,mesocosm,mesocosm,0.175541252,0.065706066,0.048030037,0.010569046,0.693631753,0.006521845,mesocosm,0.15077182388120142,0.20196353429085157,0,
TEXAS_PSM_mesocosm_RR014,meso_014,Wuchter2004,25,0.421501147,2.9290781490000004,0.7322695372500001,2.6903552416330605,0.0,mesocosm,mesocosm,mesocosm,mesocosm,mesocosm,mesocosm,mesocosm,mesocosm,mesocosm,mesocosm,mesocosm,mesocosm,mesocosm,0.199992453,0.06660126,0.029998868,0.011150523,0.684879816,0.00737708,mesocosm,0.1346870431461067,0.22601279303962454,0,
TEXAS_PSM_mesocosm_RR015,meso_015,Wuchter2004,30,0.466711957,3.2397456399999998,0.8099364099999999,2.031473539159854,0.0,mesocosm,mesocosm,mesocosm,mesocosm,mesocosm,mesocosm,mesocosm,mesocosm,mesocosm,mesocosm,mesocosm,mesocosm,mesocosm,0.144585755,0.044077599,0.019933182,0.009812179,0.772761728,0.008829557,mesocosm,0.08630083077468509,0.15761285410318177,0,
TEXAS_PSM_mesocosm_RR016,meso_016,Schouten2007,25,0.533263671,2.445332975,0.61133324375,2.1856148582401747,0.0,mesocosm,mesocosm,mesocosm,mesocosm,mesocosm,mesocosm,mesocosm,mesocosm,mesocosm,mesocosm,mesocosm,mesocosm,mesocosm,0.282239097,0.090047712,0.063302197,0.028963107,0.524830321,0.010617566,mesocosm,0.25400243345380435,0.34970857612151524,0,
TEXAS_PSM_mesocosm_RR017,meso_017,Schouten2007,25,0.44977757,2.77249143,0.6931228575,2.629107993136657,0.0,mesocosm,mesocosm,mesocosm,mesocosm,mesocosm,mesocosm,mesocosm,mesocosm,mesocosm,mesocosm,mesocosm,mesocosm,mesocosm,0.230495896,0.073897047,0.035219018,0.013395805,0.635200151,0.011792082,mesocosm,0.1592088586953252,0.26625499423124893,0,
TEXAS_PSM_mesocosm_RR018,meso_018,Schouten2007,32,0.683519108,2.627887362,0.6569718405,3.553719100372245,0.0,mesocosm,mesocosm,mesocosm,mesocosm,mesocosm,mesocosm,mesocosm,mesocosm,mesocosm,mesocosm,mesocosm,mesocosm,mesocosm,0.272514923,0.051583182,0.055800675,0.01570205,0.564495199,0.039903971,mesocosm,0.16919372079435796,0.32558139482093384,0,
TEXAS_PSM_mesocosm_RR019,meso_019,Schouten2007,34,0.606766364,3.236153057,0.80903826425,2.3180379641494024,0.0,mesocosm,mesocosm,mesocosm,mesocosm,mesocosm,mesocosm,mesocosm,mesocosm,mesocosm,mesocosm,mesocosm,mesocosm,mesocosm,0.125782247,0.049939288,0.045611632,0.019676827,0.747221271,0.011768735,mesocosm,0.13180668844184407,0.14407988559789517,0,
TEXAS_PSM_mesocosm_RR020,meso_020,Schouten2007,36,0.813041496,3.598786678,0.8996966695,2.396907190759393,0.0,mesocosm,mesocosm,mesocosm,mesocosm,mesocosm,mesocosm,mesocosm,mesocosm,mesocosm,mesocosm,mesocosm,mesocosm,mesocosm,0.04958292,0.023916467,0.054249548,0.022633145,0.822493146,0.027124774,mesocosm,0.10605781621685502,0.05685618712989654,0,
TEXAS_PSM_mesocosm_RR021,meso_021,Schouten2007,40,0.770573566,3.704820223,0.92620505575,1.1124031239303227,0.0,mesocosm,mesocosm,mesocosm,mesocosm,mesocosm,mesocosm,mesocosm,mesocosm,mesocosm,mesocosm,mesocosm,mesocosm,mesocosm,0.041215261,0.021667452,0.02253101,0.020254357,0.864342911,0.029989009,mesocosm,0.06722345108165097,0.04551365364962992,0,
